CustomerID,Age,Gender,SignupDuration,PurchaseFrequency,FavoriteCategory,AverageOrderValue,Returns,LoyaltyPoints
1,49,Non-binary,11,3,Beauty,51,1,11
2,28,Male,10,4,Books,58,0,9
3,46,Female,9,2,Electronics,28,0,14
4,34,Female,5,0,Home,31,0,11
5,26,Male,3,1,Home,98,0,15
6,33,Male,12,4,Home,75,1,13
7,44,Female,7,2,Clothing,42,0,8
8,20,Non-binary,9,1,Electronics,36,0,14
9,39,Female,12,3,Home,84,0,11
10,57,Female,4,4,Clothing,55,0,8
11,54,Female,1,3,Books,43,0,7
12,21,Non-binary,5,6,Beauty,45,0,11
13,33,Non-binary,4,1,Books,75,0,11
14,28,Male,4,1,Home,31,0,13
15,23,Male,7,3,Electronics,53,0,7
16,65,Male,2,3,Clothing,41,0,4
17,68,Male,8,0,Clothing,61,0,9
18,33,Non-binary,10,0,Clothing,47,0,8
19,60,Male,12,4,Books,42,1,11
20,53,Female,11,1,Electronics,122,0,8
21,65,Male,5,1,Beauty,60,0,9
22,56,Male,8,1,Clothing,61,0,6
23,55,Male,8,0,Clothing,93,1,8
24,63,Male,2,1,Home,60,0,8
25,38,Male,2,2,Beauty,43,0,8
26,18,Male,7,3,Home,90,0,8
27,67,Non-binary,3,0,Electronics,39,0,10
28,33,Non-binary,10,2,Electronics,51,1,7
29,29,Non-binary,12,1,Home,54,0,9
30,58,Non-binary,1,0,Clothing,69,1,7
31,60,Male,10,2,Electronics,32,0,7
32,68,Non-binary,6,1,Electronics,58,0,19
33,58,Non-binary,1,2,Clothing,36,1,5
34,68,Non-binary,5,3,Books,27,0,4
35,27,Non-binary,11,1,Electronics,53,0,11
36,65,Male,8,2,Home,20,0,7
37,45,Female,7,3,Books,23,0,8
38,36,Non-binary,1,1,Home,62,1,12
39,24,Non-binary,7,2,Electronics,64,0,9
40,47,Non-binary,8,3,Home,70,0,12
41,27,Non-binary,3,3,Beauty,50,1,11
42,32,Female,9,1,Books,71,0,13
43,52,Female,12,3,Books,58,0,7
44,52,Female,7,1,Clothing,27,0,15
45,57,Female,1,5,Beauty,74,0,12
46,67,Non-binary,8,1,Electronics,76,0,9
47,24,Male,5,3,Clothing,43,0,9
48,45,Non-binary,1,2,Beauty,51,0,11
49,43,Non-binary,9,3,Clothing,66,0,11
50,64,Non-binary,7,2,Electronics,51,0,14
51,65,Non-binary,3,1,Clothing,42,0,7
52,27,Female,11,2,Beauty,59,0,11
53,50,Female,5,2,Clothing,35,1,10
54,43,Female,6,4,Home,30,0,3
55,59,Male,8,3,Beauty,38,0,6
56,25,Male,4,4,Home,77,1,11
57,18,Female,8,1,Beauty,57,0,17
58,56,Non-binary,8,4,Books,69,0,7
59,36,Female,6,2,Beauty,12,1,8
60,36,Female,3,1,Electronics,43,0,16
61,64,Male,7,2,Clothing,40,1,11
62,18,Male,7,1,Clothing,35,0,8
63,47,Non-binary,10,0,Home,69,0,14
64,30,Male,8,5,Electronics,34,0,7
65,29,Male,2,3,Beauty,81,0,8
66,60,Non-binary,2,2,Beauty,8,0,17
67,51,Non-binary,4,0,Clothing,4,0,15
68,51,Non-binary,1,2,Clothing,31,0,13
69,31,Non-binary,12,1,Books,78,0,10
70,58,Male,10,0,Home,37,0,6
71,67,Female,6,2,Electronics,38,0,12
72,36,Female,10,1,Clothing,27,0,15
73,19,Male,1,4,Electronics,61,1,10
74,33,Male,10,5,Books,53,0,7
75,24,Male,10,0,Clothing,78,0,10
76,43,Male,7,1,Home,65,0,12
77,57,Non-binary,7,3,Electronics,82,0,7
78,55,Non-binary,8,2,Electronics,25,0,5
79,22,Female,3,4,Electronics,58,0,17
80,63,Non-binary,6,1,Electronics,63,0,6
81,23,Female,1,1,Beauty,33,0,10
82,65,Female,12,1,Books,34,0,9
83,55,Non-binary,5,2,Books,41,0,6
84,42,Male,12,4,Books,55,0,7
85,47,Male,5,4,Clothing,54,0,9
86,18,Non-binary,4,1,Clothing,34,0,14
87,35,Non-binary,4,1,Electronics,56,0,9
88,35,Male,12,2,Clothing,52,0,9
89,41,Female,10,2,Books,55,0,13
90,36,Non-binary,5,2,Beauty,37,0,11
91,22,Non-binary,3,0,Books,23,0,10
92,69,Non-binary,3,0,Beauty,54,0,9
93,44,Non-binary,4,4,Electronics,83,0,17
94,44,Female,7,3,Clothing,75,1,13
95,41,Non-binary,7,3,Beauty,31,0,11
96,53,Male,1,2,Beauty,71,0,10
97,44,Male,6,0,Home,60,0,11
98,25,Male,3,3,Home,57,1,12
99,27,Male,11,1,Clothing,35,0,11
100,46,Male,7,3,Electronics,51,0,12
101,25,Female,9,1,Home,38,0,9
102,45,Male,2,1,Books,36,0,12
103,67,Male,1,5,Electronics,40,1,15
104,48,Non-binary,7,0,Books,61,1,14
105,56,Female,2,5,Electronics,66,0,15
106,55,Non-binary,9,3,Clothing,38,0,7
107,33,Female,7,3,Electronics,86,0,11
108,26,Female,1,1,Clothing,81,0,6
109,30,Male,6,2,Home,74,1,10
110,41,Non-binary,3,4,Home,38,0,10
111,63,Non-binary,11,4,Books,69,0,11
112,28,Male,11,5,Beauty,70,0,8
113,58,Female,1,2,Clothing,30,0,14
114,18,Female,3,4,Beauty,29,1,10
115,49,Female,6,5,Clothing,29,1,13
116,57,Male,12,0,Clothing,85,1,8
117,59,Non-binary,2,1,Home,62,0,10
118,49,Male,1,3,Beauty,89,0,8
119,40,Female,9,2,Clothing,60,0,11
120,53,Male,9,5,Home,42,0,7
121,51,Female,7,2,Books,40,0,11
122,68,Male,7,2,Beauty,44,0,12
123,57,Non-binary,12,5,Beauty,52,1,6
124,22,Female,3,0,Books,35,0,6
125,48,Non-binary,1,1,Beauty,88,0,5
126,40,Non-binary,8,4,Home,45,0,10
127,39,Non-binary,11,1,Books,62,0,13
128,18,Female,4,3,Electronics,20,0,11
129,35,Male,5,2,Clothing,57,0,10
130,52,Female,11,2,Books,48,0,10
131,30,Male,6,1,Electronics,67,0,9
132,61,Female,6,2,Books,71,0,11
133,20,Female,2,0,Beauty,-8,1,8
134,34,Female,8,2,Home,88,0,10
135,51,Female,12,1,Clothing,82,0,7
136,56,Male,6,0,Home,74,0,8
137,30,Non-binary,12,2,Home,45,0,13
138,63,Non-binary,6,3,Books,34,0,12
139,34,Male,3,3,Electronics,32,0,8
140,56,Female,12,1,Books,52,1,7
141,34,Female,11,1,Home,56,0,10
142,45,Female,8,1,Home,35,0,6
143,49,Non-binary,10,2,Books,29,0,12
144,54,Non-binary,4,1,Clothing,44,0,7
145,66,Female,4,3,Clothing,43,0,9
146,60,Male,9,1,Books,45,0,11
147,67,Non-binary,10,1,Books,46,0,10
148,31,Female,12,3,Electronics,57,0,9
149,60,Non-binary,7,3,Clothing,48,0,8
150,32,Female,7,2,Books,31,0,10
151,26,Non-binary,6,1,Beauty,71,1,11
152,33,Male,2,1,Beauty,40,0,12
153,50,Male,7,2,Beauty,70,0,8
154,59,Non-binary,4,2,Home,91,0,7
155,70,Non-binary,7,1,Clothing,42,0,11
156,22,Male,8,1,Home,88,0,20
157,49,Male,11,1,Clothing,72,1,14
158,25,Non-binary,8,3,Beauty,38,0,7
159,64,Male,12,1,Electronics,60,0,5
160,18,Female,9,3,Home,64,0,7
161,53,Male,7,1,Home,17,0,12
162,56,Non-binary,4,1,Home,53,0,8
163,27,Female,6,3,Home,37,1,7
164,38,Male,4,1,Clothing,35,0,19
165,59,Female,5,4,Home,23,0,10
166,40,Non-binary,7,2,Books,39,0,10
167,64,Female,11,4,Home,49,0,10
168,24,Non-binary,3,1,Home,80,0,11
169,46,Female,10,2,Clothing,11,0,14
170,47,Male,10,1,Beauty,49,0,12
171,68,Female,11,1,Electronics,33,0,10
172,42,Female,5,2,Home,47,1,13
173,45,Female,7,3,Home,101,1,6
174,64,Female,8,4,Books,72,0,8
175,35,Male,10,0,Books,29,0,11
176,20,Female,7,6,Clothing,43,0,11
177,59,Female,2,0,Beauty,10,0,14
178,56,Non-binary,8,3,Clothing,61,0,10
179,50,Female,8,2,Electronics,20,0,13
180,46,Non-binary,3,2,Clothing,50,1,13
181,43,Non-binary,7,3,Books,39,0,5
182,20,Non-binary,3,1,Electronics,48,0,13
183,53,Male,5,3,Books,48,0,12
184,56,Non-binary,9,0,Home,37,0,11
185,25,Male,11,0,Beauty,36,0,11
186,20,Non-binary,4,1,Clothing,45,0,10
187,57,Female,12,1,Beauty,33,0,9
188,30,Non-binary,9,2,Books,74,0,9
189,38,Male,2,0,Home,36,0,8
190,41,Non-binary,8,3,Clothing,41,1,17
191,42,Male,10,3,Home,69,0,13
192,70,Female,10,1,Clothing,60,1,13
193,58,Non-binary,9,1,Clothing,55,0,8
194,29,Female,9,4,Clothing,62,1,15
195,61,Male,4,2,Home,64,0,11
196,54,Non-binary,12,1,Home,72,1,8
197,68,Female,9,1,Books,97,0,10
198,67,Non-binary,2,2,Books,42,0,12
199,30,Male,4,3,Beauty,34,0,5
200,21,Non-binary,10,1,Home,31,0,11
201,20,Male,1,1,Electronics,79,0,6
202,48,Non-binary,9,1,Home,58,0,9
203,68,Male,11,0,Books,67,0,10
204,68,Non-binary,11,6,Electronics,51,0,5
205,51,Non-binary,2,2,Electronics,45,0,11
206,56,Non-binary,11,3,Books,28,0,5
207,26,Male,3,1,Beauty,35,0,12
208,24,Male,6,2,Books,50,0,17
209,66,Male,7,2,Clothing,23,0,8
210,23,Male,8,3,Beauty,71,1,10
211,28,Female,11,2,Electronics,64,1,11
212,36,Female,6,3,Home,38,1,15
213,62,Non-binary,7,2,Beauty,19,0,10
214,59,Non-binary,5,2,Electronics,52,0,7
215,61,Female,7,0,Home,33,0,13
216,36,Non-binary,2,0,Beauty,31,0,8
217,61,Non-binary,11,0,Clothing,43,0,13
218,66,Male,8,4,Home,47,1,9
219,60,Male,11,0,Home,76,0,11
220,30,Male,2,1,Electronics,69,0,11
221,56,Female,7,1,Clothing,34,0,8
222,22,Non-binary,5,3,Beauty,49,1,8
223,44,Female,8,4,Books,71,0,4
224,61,Female,12,1,Clothing,70,0,13
225,57,Female,8,1,Beauty,76,0,12
226,32,Female,11,5,Electronics,48,0,12
227,41,Male,8,1,Electronics,59,0,10
228,34,Female,3,1,Home,71,0,8
229,20,Female,6,2,Books,30,0,12
230,65,Male,12,4,Home,61,0,16
231,49,Non-binary,2,2,Beauty,76,0,6
232,36,Non-binary,5,3,Home,43,0,13
233,33,Non-binary,5,3,Clothing,28,0,15
234,47,Male,1,3,Electronics,52,0,8
235,18,Non-binary,7,2,Home,28,0,12
236,35,Female,9,0,Home,28,1,15
237,51,Female,3,1,Books,35,0,6
238,54,Non-binary,1,3,Clothing,44,1,12
239,43,Male,2,2,Clothing,41,0,11
240,40,Female,9,1,Electronics,64,0,9
241,45,Female,3,1,Books,22,0,5
242,25,Male,5,2,Home,43,0,11
243,22,Male,10,2,Home,64,0,8
244,70,Female,12,1,Electronics,41,0,7
245,41,Male,11,1,Home,58,0,10
246,36,Male,7,3,Electronics,17,0,11
247,26,Non-binary,10,1,Books,83,0,7
248,39,Male,12,3,Home,25,0,4
249,27,Male,4,2,Beauty,54,0,6
250,68,Male,1,2,Home,14,0,10
251,43,Male,11,2,Home,32,0,8
252,40,Non-binary,5,2,Clothing,7,0,6
253,21,Non-binary,9,5,Beauty,63,0,11
254,60,Male,12,0,Books,94,0,8
255,45,Female,2,2,Books,56,0,7
256,58,Non-binary,10,4,Beauty,70,1,14
257,50,Female,2,3,Clothing,35,0,10
258,23,Female,8,1,Home,63,0,12
259,58,Non-binary,1,0,Electronics,49,0,13
260,21,Male,4,2,Beauty,90,0,9
261,29,Male,1,1,Beauty,58,0,15
262,62,Non-binary,12,1,Clothing,51,0,16
263,68,Male,7,4,Books,11,1,12
264,66,Male,3,2,Beauty,46,0,14
265,21,Male,11,0,Clothing,-8,1,14
266,44,Non-binary,5,4,Beauty,69,1,8
267,41,Non-binary,10,2,Beauty,32,0,4
268,29,Male,7,0,Clothing,56,0,9
269,28,Female,4,5,Beauty,29,1,13
270,52,Non-binary,4,3,Beauty,79,0,7
271,56,Female,5,5,Electronics,57,0,8
272,30,Female,8,1,Home,55,0,13
273,23,Non-binary,6,2,Electronics,7,1,12
274,18,Non-binary,6,3,Books,82,0,8
275,22,Female,11,4,Home,53,0,7
276,32,Non-binary,7,1,Beauty,21,0,14
277,43,Female,9,2,Beauty,51,1,12
278,34,Male,5,4,Beauty,48,1,10
279,31,Female,1,4,Electronics,56,0,7
280,48,Female,9,1,Electronics,58,0,9
281,54,Female,7,0,Home,39,0,10
282,23,Non-binary,6,4,Electronics,38,0,11
283,29,Male,11,2,Home,55,0,12
284,27,Male,12,2,Home,63,0,5
285,18,Female,1,2,Books,34,1,9
286,43,Non-binary,2,1,Electronics,64,0,12
287,40,Male,1,3,Beauty,71,0,14
288,66,Non-binary,4,1,Clothing,62,0,8
289,56,Male,4,0,Clothing,55,1,16
290,47,Male,8,4,Home,58,0,13
291,57,Non-binary,9,4,Home,39,0,9
292,45,Male,4,3,Beauty,37,0,7
293,28,Female,11,3,Books,41,0,8
294,41,Female,6,2,Home,39,0,15
295,66,Non-binary,6,2,Books,52,0,12
296,59,Non-binary,1,1,Beauty,32,0,14
297,43,Male,4,0,Electronics,31,0,9
298,40,Non-binary,6,3,Home,72,0,12
299,56,Non-binary,10,1,Electronics,80,0,13
300,65,Male,4,2,Clothing,53,0,11
301,43,Female,3,5,Beauty,46,1,3
302,53,Male,9,3,Beauty,27,0,12
303,30,Male,4,3,Home,33,0,7
304,61,Male,4,2,Home,16,0,8
305,58,Female,9,4,Home,70,0,9
306,41,Female,12,2,Clothing,57,0,5
307,58,Male,9,0,Beauty,80,0,9
308,69,Male,9,2,Beauty,39,0,13
309,54,Non-binary,2,1,Clothing,64,1,11
310,39,Non-binary,3,2,Electronics,46,1,11
311,28,Male,4,4,Books,41,1,11
312,64,Female,10,1,Clothing,33,1,11
313,29,Non-binary,6,6,Beauty,71,0,6
314,69,Non-binary,4,0,Books,24,0,15
315,64,Male,1,0,Clothing,64,1,5
316,20,Non-binary,2,2,Clothing,37,0,9
317,24,Non-binary,2,3,Electronics,67,0,9
318,29,Non-binary,9,2,Home,60,0,10
319,26,Non-binary,6,1,Clothing,44,1,8
320,23,Female,12,2,Clothing,45,1,11
321,65,Female,4,1,Electronics,75,0,12
322,53,Male,12,3,Home,50,0,12
323,29,Non-binary,2,2,Clothing,54,0,10
324,68,Male,9,1,Clothing,47,1,8
325,27,Non-binary,4,2,Home,41,0,20
326,36,Female,4,1,Beauty,28,1,5
327,58,Male,6,2,Books,51,0,13
328,36,Non-binary,5,2,Beauty,114,0,11
329,22,Non-binary,7,1,Electronics,49,0,7
330,55,Female,12,1,Home,63,0,6
331,37,Female,2,1,Home,55,1,18
332,19,Male,6,4,Beauty,50,0,12
333,52,Female,5,1,Electronics,21,0,12
334,39,Non-binary,12,8,Home,33,0,12
335,39,Non-binary,8,3,Electronics,61,0,11
336,27,Female,7,6,Electronics,58,0,19
337,48,Non-binary,6,2,Beauty,68,0,9
338,28,Male,10,3,Clothing,43,0,8
339,56,Female,11,0,Books,45,0,13
340,50,Male,9,1,Books,73,0,8
341,32,Non-binary,3,3,Clothing,54,0,8
342,19,Male,3,3,Electronics,22,0,7
343,21,Male,10,2,Books,19,0,13
344,21,Non-binary,7,1,Clothing,23,1,8
345,43,Non-binary,6,1,Beauty,72,0,8
346,45,Female,7,2,Books,17,1,11
347,33,Female,4,3,Home,41,0,9
348,26,Male,11,2,Books,46,1,14
349,67,Non-binary,10,3,Clothing,39,0,10
350,18,Non-binary,4,6,Electronics,63,0,5
351,28,Non-binary,11,1,Electronics,43,1,11
352,68,Female,7,2,Electronics,22,0,9
353,56,Non-binary,10,2,Beauty,49,0,13
354,63,Female,6,0,Home,58,0,13
355,40,Female,6,2,Electronics,66,0,12
356,25,Non-binary,2,2,Beauty,67,0,3
357,20,Male,2,4,Home,106,0,9
358,66,Female,2,3,Home,23,0,12
359,64,Non-binary,2,2,Books,29,1,6
360,65,Non-binary,9,0,Books,66,1,9
361,35,Female,1,3,Home,49,1,10
362,27,Male,1,1,Books,58,0,11
363,22,Female,11,2,Beauty,49,1,6
364,29,Male,1,2,Electronics,53,0,11
365,60,Male,9,2,Beauty,49,0,11
366,46,Female,1,3,Clothing,48,0,10
367,69,Male,4,3,Clothing,44,0,8
368,28,Non-binary,12,2,Electronics,36,0,7
369,31,Non-binary,12,3,Books,38,0,11
370,29,Male,12,0,Electronics,31,0,6
371,28,Male,1,1,Home,43,0,8
372,44,Non-binary,5,1,Books,75,0,7
373,59,Female,12,1,Home,8,0,8
374,63,Female,8,4,Books,28,0,15
375,54,Non-binary,3,1,Beauty,16,1,10
376,20,Non-binary,7,1,Beauty,47,0,12
377,22,Male,10,0,Beauty,57,0,12
378,52,Non-binary,1,1,Beauty,45,0,12
379,32,Non-binary,1,2,Home,32,0,13
380,19,Male,5,3,Home,56,0,10
381,41,Non-binary,4,2,Home,28,0,10
382,25,Female,9,2,Clothing,63,1,7
383,53,Non-binary,6,4,Beauty,45,0,9
384,65,Female,2,2,Books,55,1,11
385,43,Non-binary,2,1,Books,53,0,7
386,62,Non-binary,1,2,Electronics,12,0,11
387,36,Female,9,1,Electronics,57,0,15
388,55,Male,10,0,Clothing,99,0,12
389,28,Non-binary,3,2,Books,74,0,8
390,60,Male,12,0,Clothing,60,0,10
391,42,Female,3,1,Books,58,0,9
392,56,Male,8,2,Electronics,75,0,11
393,32,Female,3,0,Electronics,54,0,12
394,62,Female,2,1,Books,47,1,14
395,52,Non-binary,9,2,Books,26,0,17
396,57,Male,10,2,Electronics,27,0,4
397,21,Male,7,0,Clothing,42,0,14
398,58,Non-binary,9,2,Beauty,21,0,6
399,20,Non-binary,4,1,Home,25,1,10
400,31,Female,2,1,Books,57,0,12
401,62,Non-binary,6,1,Beauty,19,1,3
402,20,Male,1,1,Books,23,0,10
403,34,Female,9,3,Home,37,0,6
404,56,Non-binary,4,3,Clothing,40,0,14
405,26,Male,10,1,Electronics,58,0,10
406,35,Female,6,1,Books,50,0,11
407,69,Non-binary,10,1,Beauty,31,1,9
408,68,Non-binary,7,2,Home,65,0,16
409,38,Non-binary,1,2,Home,55,1,8
410,59,Female,4,2,Home,66,0,12
411,59,Male,12,1,Electronics,85,0,9
412,26,Female,3,1,Electronics,57,0,10
413,43,Female,6,3,Clothing,60,0,15
414,30,Female,1,1,Home,73,0,12
415,30,Non-binary,8,1,Electronics,44,0,9
416,18,Male,12,2,Books,58,0,13
417,23,Male,1,1,Clothing,50,0,8
418,28,Female,6,1,Clothing,56,1,12
419,20,Male,2,1,Clothing,21,0,5
420,43,Female,11,1,Home,75,0,14
421,62,Male,4,1,Home,50,0,11
422,29,Male,9,4,Books,56,0,9
423,25,Male,8,4,Electronics,37,0,9
424,50,Non-binary,11,2,Electronics,39,0,18
425,69,Male,1,5,Home,46,0,6
426,20,Non-binary,4,2,Electronics,65,0,9
427,22,Male,3,0,Books,34,0,7
428,54,Male,9,3,Clothing,60,1,11
429,43,Female,3,1,Home,76,0,11
430,48,Non-binary,1,2,Electronics,53,0,10
431,41,Non-binary,12,2,Beauty,21,0,11
432,22,Non-binary,6,1,Books,58,0,10
433,64,Female,8,2,Clothing,114,0,7
434,34,Male,9,2,Home,60,0,9
435,56,Male,7,0,Clothing,33,0,11
436,26,Female,10,1,Home,67,0,8
437,48,Non-binary,6,0,Clothing,36,0,13
438,46,Non-binary,5,1,Beauty,45,0,11
439,40,Male,8,0,Books,69,0,8
440,69,Male,8,1,Electronics,45,0,10
441,38,Female,3,0,Electronics,32,1,8
442,35,Non-binary,10,2,Electronics,45,0,8
443,48,Female,6,2,Home,70,0,6
444,52,Female,1,3,Books,65,0,11
445,53,Male,8,0,Home,52,0,9
446,47,Non-binary,1,1,Home,27,0,8
447,18,Male,10,2,Beauty,47,0,9
448,26,Male,1,2,Beauty,45,0,18
449,19,Female,12,0,Home,1,1,6
450,48,Male,1,1,Beauty,38,0,9
451,58,Female,4,2,Clothing,75,0,10
452,42,Non-binary,5,3,Beauty,57,0,9
453,42,Female,1,3,Electronics,32,1,8
454,48,Non-binary,7,2,Electronics,46,0,8
455,43,Male,3,0,Books,18,0,8
456,36,Non-binary,3,2,Home,91,0,6
457,30,Non-binary,7,1,Home,70,0,13
458,62,Non-binary,6,2,Electronics,40,0,7
459,36,Male,1,3,Electronics,42,0,6
460,56,Male,8,2,Clothing,77,1,12
461,42,Female,5,5,Home,8,1,12
462,33,Female,2,3,Electronics,62,0,12
463,33,Female,8,3,Electronics,53,1,9
464,42,Non-binary,7,1,Beauty,60,0,14
465,44,Female,4,4,Books,26,1,10
466,46,Non-binary,3,2,Electronics,56,0,8
467,28,Female,3,0,Home,95,0,7
468,42,Male,10,2,Books,36,0,11
469,33,Male,8,5,Clothing,32,0,12
470,46,Female,2,4,Clothing,57,0,9
471,38,Male,6,1,Books,34,1,15
472,31,Non-binary,9,3,Books,48,0,11
473,34,Female,8,2,Clothing,45,0,9
474,27,Female,11,4,Beauty,25,0,12
475,28,Non-binary,8,2,Electronics,55,0,11
476,56,Male,8,2,Clothing,66,0,8
477,68,Female,10,0,Books,52,0,10
478,49,Male,11,4,Books,11,0,15
479,69,Female,7,0,Clothing,16,1,19
480,21,Non-binary,2,0,Clothing,45,1,12
481,18,Female,3,3,Clothing,57,1,10
482,66,Non-binary,8,2,Books,5,0,13
483,52,Male,11,3,Beauty,62,0,8
484,36,Non-binary,9,2,Books,81,0,15
485,46,Female,8,0,Beauty,61,1,13
486,63,Female,9,5,Beauty,47,0,11
487,56,Non-binary,11,2,Beauty,29,0,15
488,55,Male,7,4,Books,26,0,5
489,42,Male,5,1,Beauty,43,0,11
490,48,Male,12,0,Books,76,0,13
491,19,Male,4,2,Home,31,0,8
492,54,Female,2,3,Home,103,0,8
493,69,Male,2,2,Home,39,0,9
494,37,Female,4,3,Home,33,0,15
495,57,Female,6,2,Books,78,0,10
496,56,Female,5,2,Electronics,39,0,14
497,21,Non-binary,7,4,Home,58,0,16
498,62,Female,9,0,Beauty,49,0,9
499,21,Female,3,3,Books,25,0,13
500,24,Female,8,2,Electronics,52,0,8
501,70,Female,4,2,Beauty,17,0,6
502,24,Male,4,3,Clothing,87,0,12
503,64,Non-binary,12,1,Beauty,59,0,10
504,45,Male,11,8,Beauty,83,0,15
505,25,Non-binary,2,3,Clothing,69,0,3
506,61,Female,8,3,Home,24,0,8
507,28,Male,5,2,Home,48,0,5
508,54,Male,8,2,Books,81,0,13
509,62,Non-binary,6,0,Home,79,1,11
510,69,Non-binary,9,1,Home,79,0,9
511,32,Female,8,3,Clothing,43,0,7
512,65,Non-binary,4,1,Beauty,65,0,8
513,28,Male,9,0,Books,60,0,10
514,54,Non-binary,11,4,Beauty,31,0,9
515,21,Female,12,2,Books,65,0,14
516,41,Female,11,4,Beauty,74,0,6
517,38,Female,8,4,Books,58,0,16
518,25,Non-binary,11,3,Electronics,60,1,8
519,67,Non-binary,5,0,Home,65,0,12
520,34,Non-binary,11,0,Clothing,46,0,14
521,38,Female,3,0,Electronics,24,0,8
522,51,Female,10,1,Clothing,53,0,7
523,57,Female,1,4,Clothing,35,0,10
524,31,Male,11,0,Beauty,20,0,12
525,69,Non-binary,3,6,Beauty,36,0,11
526,54,Female,6,2,Home,60,0,11
527,37,Female,5,2,Clothing,55,0,11
528,41,Non-binary,9,1,Books,53,0,16
529,22,Male,2,2,Books,45,0,7
530,21,Male,3,2,Home,53,0,13
531,37,Non-binary,10,0,Clothing,38,0,13
532,51,Non-binary,4,4,Electronics,0,0,11
533,32,Male,4,3,Books,65,1,9
534,22,Female,3,3,Electronics,89,0,6
535,56,Female,11,3,Electronics,76,0,11
536,66,Male,2,1,Home,28,0,12
537,51,Male,2,1,Beauty,56,0,13
538,23,Female,7,2,Books,73,1,7
539,61,Female,2,3,Beauty,53,0,8
540,20,Non-binary,6,1,Electronics,30,0,5
541,38,Non-binary,9,1,Clothing,42,0,15
542,66,Female,10,3,Clothing,70,0,11
543,66,Non-binary,10,2,Clothing,38,1,9
544,43,Female,11,2,Beauty,60,0,5
545,21,Female,1,0,Home,20,1,12
546,42,Non-binary,6,2,Books,41,0,12
547,61,Non-binary,12,1,Books,47,0,11
548,27,Non-binary,2,4,Electronics,68,0,8
549,37,Non-binary,4,2,Electronics,76,0,6
550,62,Male,8,0,Beauty,40,1,11
551,50,Male,7,2,Clothing,31,1,6
552,45,Male,10,2,Beauty,43,0,4
553,37,Non-binary,2,2,Books,43,0,7
554,55,Female,3,1,Home,17,0,8
555,66,Female,6,3,Beauty,51,0,11
556,46,Female,2,1,Books,47,0,4
557,70,Male,7,4,Clothing,91,0,12
558,26,Male,12,1,Beauty,21,1,14
559,21,Non-binary,4,2,Clothing,55,0,14
560,39,Non-binary,12,5,Electronics,32,0,13
561,41,Male,9,1,Beauty,51,0,10
562,53,Non-binary,12,1,Books,34,0,6
563,52,Female,7,2,Beauty,47,1,14
564,22,Non-binary,5,2,Home,36,0,14
565,21,Non-binary,11,2,Electronics,68,0,15
566,57,Non-binary,4,2,Beauty,56,0,14
567,27,Male,8,2,Home,41,0,13
568,65,Female,6,0,Electronics,49,1,9
569,37,Female,11,3,Clothing,52,0,6
570,63,Male,1,2,Books,68,1,14
571,57,Female,5,4,Books,49,1,10
572,37,Non-binary,7,3,Electronics,45,1,6
573,26,Male,5,1,Beauty,47,0,13
574,57,Male,4,2,Beauty,31,0,11
575,22,Non-binary,5,3,Books,45,0,8
576,59,Male,5,5,Electronics,36,0,7
577,65,Male,7,1,Electronics,38,0,6
578,25,Female,1,0,Books,51,1,7
579,52,Male,11,1,Clothing,62,1,10
580,55,Female,3,2,Home,31,0,7
581,32,Male,2,1,Clothing,43,0,7
582,27,Female,10,0,Beauty,63,0,10
583,49,Female,3,1,Clothing,61,0,7
584,62,Female,4,4,Beauty,48,0,17
585,20,Female,8,1,Clothing,42,0,11
586,60,Female,5,3,Electronics,66,0,10
587,63,Male,9,5,Electronics,31,0,12
588,24,Non-binary,8,2,Home,31,0,8
589,53,Non-binary,10,2,Electronics,86,0,9
590,58,Male,8,0,Books,62,0,10
591,19,Non-binary,5,2,Home,38,0,13
592,41,Non-binary,5,0,Books,33,0,3
593,37,Non-binary,3,3,Clothing,61,1,9
594,60,Non-binary,2,1,Home,75,0,6
595,25,Non-binary,12,3,Beauty,54,0,9
596,70,Female,5,0,Books,46,1,8
597,26,Non-binary,3,0,Home,49,1,9
598,34,Female,8,3,Beauty,68,0,8
599,27,Female,1,2,Books,54,0,19
600,21,Male,1,1,Clothing,38,0,9
601,66,Non-binary,1,3,Clothing,76,0,8
602,24,Female,3,2,Books,48,0,9
603,24,Male,6,3,Electronics,38,0,8
604,69,Male,8,3,Electronics,72,0,8
605,23,Female,7,4,Electronics,48,0,11
606,54,Male,8,1,Electronics,21,0,11
607,30,Non-binary,9,1,Electronics,22,0,11
608,33,Male,1,2,Home,34,0,7
609,49,Female,4,3,Books,57,0,8
610,29,Non-binary,2,4,Books,47,0,14
611,18,Male,5,0,Clothing,30,1,9
612,31,Male,6,2,Home,6,0,14
613,29,Male,2,1,Home,77,0,15
614,34,Male,9,1,Electronics,79,0,6
615,32,Female,12,1,Electronics,20,0,8
616,53,Male,12,2,Clothing,40,0,19
617,52,Male,9,2,Books,51,0,15
618,69,Non-binary,2,1,Home,55,0,8
619,44,Male,8,1,Books,18,0,11
620,52,Non-binary,7,2,Clothing,19,0,11
621,36,Male,8,1,Clothing,55,1,9
622,46,Non-binary,2,4,Electronics,58,0,11
623,67,Non-binary,3,2,Home,33,0,9
624,51,Male,5,3,Books,16,0,18
625,41,Female,4,5,Books,55,0,13
626,42,Female,1,2,Books,50,0,4
627,50,Male,5,2,Beauty,69,0,9
628,18,Female,5,0,Electronics,18,0,9
629,41,Male,9,1,Clothing,69,0,10
630,43,Male,12,3,Beauty,46,0,12
631,35,Male,3,3,Clothing,43,1,9
632,19,Non-binary,12,2,Home,16,1,5
633,63,Male,2,1,Books,97,0,9
634,43,Female,9,2,Books,61,0,16
635,33,Female,4,2,Electronics,49,0,10
636,58,Female,6,2,Electronics,97,0,14
637,33,Female,10,0,Electronics,66,0,16
638,53,Male,8,2,Home,40,0,10
639,62,Non-binary,7,2,Books,25,0,7
640,57,Non-binary,1,2,Clothing,59,1,13
641,29,Female,5,5,Beauty,55,0,13
642,33,Non-binary,11,0,Home,8,1,9
643,21,Non-binary,3,1,Home,75,0,5
644,55,Non-binary,12,2,Clothing,59,1,8
645,43,Non-binary,12,2,Home,7,1,11
646,38,Non-binary,10,3,Electronics,81,0,7
647,21,Non-binary,11,3,Beauty,43,0,9
648,59,Female,9,2,Beauty,40,0,10
649,27,Female,11,2,Beauty,48,1,6
650,59,Non-binary,8,2,Beauty,26,1,8
651,58,Male,10,2,Clothing,48,1,14
652,53,Female,12,0,Electronics,56,1,15
653,43,Non-binary,10,0,Beauty,29,0,12
654,40,Female,9,2,Clothing,77,0,10
655,18,Male,4,1,Electronics,54,0,14
656,68,Non-binary,3,0,Clothing,60,0,10
657,21,Female,2,2,Beauty,38,0,7
658,51,Female,3,1,Books,70,1,9
659,70,Non-binary,4,0,Home,58,1,8
660,48,Male,8,0,Clothing,24,0,7
661,52,Non-binary,5,3,Beauty,84,0,10
662,44,Non-binary,10,3,Home,53,0,12
663,41,Non-binary,7,0,Books,52,0,11
664,23,Non-binary,10,0,Beauty,67,0,6
665,55,Non-binary,2,1,Clothing,76,0,6
666,36,Male,10,3,Electronics,45,1,14
667,33,Non-binary,7,2,Clothing,7,0,14
668,67,Female,4,3,Books,63,0,9
669,24,Female,4,0,Electronics,46,1,8
670,33,Male,10,1,Beauty,55,0,15
671,38,Male,2,2,Electronics,75,0,8
672,65,Male,8,1,Electronics,61,0,8
673,67,Non-binary,5,5,Books,65,0,7
674,55,Female,12,2,Clothing,-3,0,9
675,33,Female,6,3,Beauty,41,0,10
676,23,Male,7,0,Beauty,43,0,7
677,25,Male,4,0,Beauty,40,0,14
678,26,Non-binary,8,3,Home,70,0,15
679,21,Non-binary,5,1,Electronics,48,1,8
680,48,Male,5,1,Electronics,63,0,11
681,31,Female,2,3,Beauty,67,0,8
682,48,Male,6,3,Books,101,0,9
683,64,Non-binary,12,2,Books,59,1,8
684,22,Female,9,2,Electronics,71,0,10
685,30,Non-binary,3,1,Beauty,58,1,10
686,65,Non-binary,7,1,Electronics,45,0,10
687,47,Female,11,0,Clothing,61,0,13
688,47,Non-binary,2,1,Clothing,56,1,9
689,43,Non-binary,9,4,Beauty,29,0,10
690,40,Female,9,1,Books,96,0,4
691,69,Non-binary,8,3,Books,45,1,13
692,59,Non-binary,11,5,Books,46,0,9
693,18,Male,4,0,Electronics,54,0,10
694,45,Non-binary,2,3,Electronics,62,0,10
695,67,Non-binary,2,3,Electronics,36,0,15
696,41,Male,2,0,Home,48,0,6
697,22,Non-binary,11,0,Home,53,0,15
698,56,Non-binary,10,1,Electronics,22,0,16
699,47,Female,1,5,Books,17,0,15
700,56,Male,7,0,Clothing,17,0,9
701,37,Male,5,4,Electronics,21,0,5
702,52,Non-binary,11,2,Electronics,51,0,9
703,61,Female,2,3,Clothing,76,0,11
704,31,Male,6,7,Electronics,45,0,6
705,64,Female,11,0,Electronics,86,1,16
706,46,Female,9,0,Beauty,42,0,4
707,62,Non-binary,1,0,Clothing,35,1,7
708,68,Non-binary,2,0,Home,34,0,6
709,60,Non-binary,2,3,Electronics,66,0,10
710,19,Female,12,5,Books,73,1,14
711,53,Non-binary,4,4,Home,29,1,4
712,53,Female,1,3,Electronics,51,0,13
713,20,Non-binary,6,0,Clothing,37,0,6
714,36,Non-binary,11,1,Books,44,0,12
715,37,Non-binary,6,2,Home,38,1,8
716,25,Non-binary,5,2,Beauty,56,1,12
717,39,Female,7,3,Clothing,104,0,10
718,65,Non-binary,6,2,Books,62,0,6
719,66,Female,11,2,Electronics,55,0,10
720,53,Non-binary,2,3,Home,45,0,7
721,58,Female,6,2,Clothing,21,0,7
722,31,Male,11,1,Clothing,25,0,10
723,70,Non-binary,1,1,Books,100,0,8
724,35,Male,1,4,Beauty,28,0,7
725,59,Non-binary,7,0,Beauty,37,0,8
726,39,Non-binary,1,1,Clothing,32,0,4
727,65,Female,8,3,Clothing,51,0,6
728,25,Male,2,3,Home,70,0,15
729,22,Male,2,1,Home,50,0,10
730,43,Female,10,3,Beauty,34,1,4
731,41,Female,5,2,Beauty,43,0,8
732,57,Male,8,4,Electronics,33,0,9
733,18,Female,8,1,Home,16,0,11
734,28,Non-binary,8,1,Books,77,1,9
735,37,Non-binary,12,4,Beauty,45,0,16
736,36,Non-binary,6,4,Home,58,1,13
737,38,Male,9,1,Books,55,0,7
738,31,Non-binary,11,2,Clothing,57,0,6
739,29,Male,8,2,Books,58,1,18
740,39,Female,10,1,Books,95,0,6
741,33,Male,6,6,Home,47,0,8
742,26,Non-binary,3,0,Clothing,35,0,5
743,23,Non-binary,7,3,Clothing,43,0,9
744,21,Male,7,1,Clothing,73,0,3
745,18,Female,10,0,Beauty,48,1,10
746,64,Female,3,1,Books,65,0,8
747,64,Male,4,2,Electronics,55,0,7
748,36,Non-binary,12,3,Books,61,0,10
749,51,Male,6,1,Clothing,77,0,10
750,35,Male,11,1,Electronics,82,0,7
751,58,Male,12,0,Beauty,52,0,11
752,24,Non-binary,10,0,Electronics,16,1,7
753,41,Female,3,6,Electronics,32,0,10
754,59,Female,9,4,Home,39,0,14
755,32,Female,8,2,Beauty,38,0,6
756,32,Female,12,4,Books,90,0,9
757,49,Male,5,2,Clothing,38,1,12
758,44,Non-binary,5,2,Home,52,0,12
759,18,Female,1,1,Electronics,37,0,12
760,63,Female,4,1,Home,46,0,13
761,25,Male,4,1,Home,44,0,15
762,35,Female,1,2,Electronics,25,1,13
763,54,Male,3,3,Electronics,28,0,10
764,39,Female,1,2,Beauty,27,0,9
765,64,Male,1,2,Books,62,0,12
766,58,Female,6,0,Home,91,1,12
767,34,Non-binary,1,1,Electronics,38,0,6
768,59,Non-binary,6,4,Clothing,47,0,14
769,31,Male,7,2,Beauty,59,1,9
770,67,Non-binary,7,2,Electronics,62,0,11
771,49,Female,11,1,Home,50,0,5
772,46,Male,12,2,Books,58,0,10
773,19,Non-binary,7,3,Beauty,38,0,14
774,55,Male,12,1,Home,21,0,10
775,55,Non-binary,1,2,Beauty,65,0,8
776,50,Male,2,1,Home,25,0,13
777,23,Male,2,2,Books,37,0,13
778,20,Non-binary,6,1,Electronics,54,1,5
779,43,Male,12,2,Home,55,1,5
780,26,Male,6,1,Beauty,34,1,8
781,47,Non-binary,3,4,Books,16,0,9
782,39,Female,6,3,Home,28,0,9
783,69,Male,9,1,Electronics,52,0,8
784,58,Non-binary,3,4,Clothing,3,1,6
785,23,Non-binary,11,0,Electronics,75,0,12
786,21,Male,7,4,Books,50,0,10
787,39,Female,12,1,Beauty,35,0,9
788,59,Female,1,4,Beauty,66,0,10
789,27,Female,8,2,Beauty,26,0,4
790,39,Female,10,3,Home,72,0,12
791,62,Male,6,1,Electronics,48,0,12
792,53,Non-binary,8,2,Clothing,58,0,14
793,70,Female,10,3,Electronics,45,0,5
794,39,Non-binary,4,2,Electronics,58,0,16
795,37,Male,7,1,Clothing,19,0,17
796,70,Female,12,3,Electronics,49,0,6
797,24,Male,3,8,Electronics,65,0,7
798,54,Non-binary,12,3,Electronics,40,0,11
799,20,Male,8,0,Beauty,0,0,9
800,19,Female,7,4,Electronics,62,0,12
801,62,Female,9,2,Beauty,37,0,9
802,62,Male,2,1,Electronics,57,0,10
803,62,Female,5,1,Home,52,0,10
804,57,Female,2,1,Beauty,56,0,6
805,24,Male,8,3,Clothing,17,0,13
806,49,Female,6,1,Beauty,77,0,12
807,51,Female,9,2,Books,69,0,15
808,26,Male,7,0,Clothing,72,0,12
809,48,Male,6,1,Books,40,0,12
810,55,Male,3,2,Beauty,32,1,9
811,64,Non-binary,4,2,Beauty,67,0,7
812,25,Non-binary,11,2,Books,47,0,10
813,52,Non-binary,4,2,Beauty,34,0,13
814,35,Female,11,2,Beauty,29,0,13
815,38,Male,5,2,Clothing,62,0,11
816,20,Male,1,4,Books,7,1,6
817,48,Female,7,0,Home,72,0,10
818,60,Male,7,2,Books,47,1,12
819,26,Female,6,2,Clothing,60,0,13
820,24,Male,2,2,Home,55,1,12
821,51,Non-binary,7,3,Beauty,10,0,11
822,33,Female,8,1,Clothing,42,0,4
823,55,Female,11,5,Home,11,0,11
824,24,Female,2,1,Home,74,0,5
825,37,Non-binary,10,3,Clothing,-2,1,10
826,68,Non-binary,12,3,Home,48,0,15
827,27,Male,1,3,Clothing,17,0,5
828,67,Male,12,3,Home,59,0,14
829,60,Female,8,1,Home,48,1,11
830,23,Non-binary,12,2,Home,65,1,9
831,28,Non-binary,2,0,Books,31,0,10
832,38,Female,6,1,Beauty,64,0,8
833,48,Male,6,3,Home,40,0,17
834,62,Female,4,1,Beauty,33,0,10
835,21,Non-binary,6,1,Electronics,72,0,9
836,45,Non-binary,7,0,Electronics,61,0,8
837,50,Male,7,4,Books,44,0,9
838,39,Male,3,2,Electronics,46,0,10
839,19,Female,11,0,Home,61,1,11
840,22,Non-binary,7,1,Books,37,0,7
841,18,Male,9,2,Beauty,12,1,9
842,62,Non-binary,9,1,Electronics,75,0,10
843,26,Non-binary,7,4,Electronics,27,0,10
844,22,Female,10,2,Home,57,0,9
845,43,Male,10,0,Home,33,0,9
846,25,Male,4,3,Beauty,76,1,9
847,39,Non-binary,4,3,Electronics,29,0,8
848,53,Non-binary,11,1,Home,53,0,8
849,49,Non-binary,4,2,Clothing,52,0,11
850,30,Male,12,3,Clothing,27,0,8
851,34,Female,7,1,Electronics,35,1,7
852,69,Male,2,2,Electronics,46,0,8
853,38,Non-binary,11,1,Beauty,77,1,12
854,57,Non-binary,8,2,Home,28,0,10
855,41,Male,12,2,Home,95,0,13
856,69,Non-binary,6,4,Electronics,38,0,5
857,60,Male,4,3,Home,85,0,12
858,40,Female,5,1,Electronics,18,0,14
859,35,Female,8,3,Clothing,13,0,6
860,63,Male,6,5,Electronics,58,0,12
861,42,Male,8,2,Beauty,40,0,12
862,24,Male,3,4,Beauty,61,1,9
863,59,Male,11,3,Clothing,43,1,10
864,33,Male,1,3,Books,79,0,17
865,59,Female,2,3,Clothing,45,0,9
866,64,Non-binary,3,0,Books,54,0,11
867,25,Male,7,4,Clothing,29,0,6
868,70,Male,8,5,Books,36,0,9
869,52,Female,12,6,Home,53,0,11
870,35,Male,7,4,Clothing,44,0,11
871,19,Female,3,0,Beauty,20,0,6
872,56,Male,4,2,Books,43,0,9
873,70,Female,1,2,Beauty,40,0,13
874,56,Male,3,2,Clothing,41,0,4
875,58,Female,12,3,Books,50,1,8
876,36,Female,12,0,Beauty,59,0,3
877,65,Male,6,2,Electronics,65,1,8
878,42,Female,11,0,Books,42,1,7
879,36,Male,10,3,Books,50,0,9
880,32,Non-binary,6,5,Beauty,37,0,5
881,19,Male,3,2,Electronics,51,0,16
882,53,Female,6,1,Books,56,1,7
883,67,Male,3,2,Clothing,53,0,16
884,59,Male,6,2,Electronics,71,0,9
885,35,Male,7,2,Clothing,38,0,9
886,66,Male,12,2,Electronics,40,0,13
887,47,Female,8,0,Clothing,46,0,6
888,42,Female,3,2,Electronics,81,0,11
889,43,Non-binary,7,0,Books,58,1,10
890,36,Male,2,4,Books,45,0,7
891,37,Non-binary,11,1,Beauty,95,0,14
892,28,Non-binary,7,2,Home,51,0,11
893,30,Non-binary,9,2,Electronics,75,0,11
894,41,Non-binary,7,1,Home,58,0,15
895,57,Female,10,4,Clothing,46,0,9
896,51,Male,8,3,Home,65,1,8
897,52,Male,7,6,Electronics,62,0,12
898,26,Male,2,1,Beauty,47,0,12
899,50,Female,12,2,Beauty,69,0,12
900,66,Male,1,1,Clothing,66,0,7
901,44,Non-binary,11,3,Beauty,28,0,11
902,31,Non-binary,1,3,Home,52,0,9
903,44,Male,6,1,Electronics,66,0,8
904,67,Male,6,3,Home,16,1,7
905,56,Male,3,4,Beauty,62,0,18
906,60,Female,12,3,Electronics,25,0,5
907,64,Female,5,1,Electronics,48,0,14
908,28,Male,4,0,Beauty,25,0,8
909,34,Female,10,0,Home,22,0,11
910,69,Male,12,1,Beauty,18,0,12
911,28,Non-binary,10,0,Clothing,57,0,6
912,30,Male,4,4,Beauty,53,0,7
913,54,Female,12,1,Home,53,1,15
914,49,Male,2,0,Home,44,0,14
915,52,Non-binary,6,1,Clothing,73,1,18
916,38,Male,4,4,Electronics,77,0,7
917,63,Non-binary,4,2,Clothing,45,0,4
918,60,Male,1,1,Beauty,52,1,11
919,63,Male,6,0,Electronics,28,0,5
920,24,Non-binary,4,2,Clothing,52,0,11
921,42,Male,9,5,Books,69,0,12
922,58,Female,6,1,Home,61,1,4
923,63,Non-binary,12,3,Books,71,0,9
924,18,Female,5,2,Books,47,0,10
925,65,Non-binary,8,3,Clothing,12,0,16
926,61,Non-binary,5,5,Beauty,55,1,10
927,32,Female,5,1,Home,78,0,13
928,45,Female,2,2,Beauty,55,0,12
929,25,Female,3,0,Electronics,21,0,12
930,57,Non-binary,7,0,Home,51,1,13
931,62,Non-binary,1,0,Beauty,41,0,8
932,25,Male,10,1,Beauty,80,1,9
933,68,Non-binary,6,2,Beauty,19,0,18
934,43,Male,2,4,Beauty,62,0,5
935,39,Female,5,3,Beauty,69,0,5
936,38,Non-binary,2,3,Electronics,54,0,7
937,49,Female,1,2,Beauty,42,0,12
938,36,Male,6,5,Electronics,43,1,10
939,24,Non-binary,4,1,Beauty,24,1,11
940,57,Male,3,2,Electronics,25,1,13
941,43,Male,4,1,Clothing,34,0,12
942,40,Male,3,2,Electronics,78,0,10
943,40,Non-binary,9,5,Books,80,1,11
944,44,Female,9,0,Books,60,0,12
945,47,Female,8,5,Home,27,0,8
946,49,Female,8,2,Beauty,26,0,14
947,46,Male,10,2,Home,74,0,14
948,57,Non-binary,1,3,Home,32,0,10
949,50,Non-binary,7,0,Clothing,59,0,13
950,35,Female,3,1,Beauty,41,0,15
951,41,Non-binary,1,2,Books,22,0,7
952,27,Non-binary,11,5,Clothing,79,0,7
953,30,Non-binary,2,0,Books,61,0,10
954,47,Male,12,1,Books,33,0,8
955,33,Male,11,3,Books,50,0,6
956,30,Non-binary,5,4,Beauty,43,0,9
957,22,Female,3,1,Beauty,42,0,6
958,19,Non-binary,4,1,Electronics,72,0,10
959,44,Non-binary,8,2,Beauty,30,0,9
960,57,Female,11,1,Clothing,43,0,3
961,30,Female,12,4,Clothing,35,1,10
962,33,Male,11,2,Clothing,9,0,9
963,19,Female,4,2,Home,30,0,1
964,22,Female,9,3,Home,102,0,12
965,29,Male,5,3,Home,49,0,13
966,49,Female,6,3,Electronics,29,0,11
967,43,Male,10,3,Electronics,26,0,7
968,70,Female,4,1,Beauty,42,0,6
969,55,Female,1,1,Clothing,66,1,6
970,24,Female,6,3,Beauty,44,0,7
971,40,Non-binary,5,6,Home,22,1,8
972,47,Female,5,2,Books,102,1,10
973,39,Male,10,1,Clothing,39,1,10
974,57,Male,8,1,Books,29,0,8
975,63,Female,6,2,Books,55,0,12
976,23,Female,3,1,Beauty,27,0,12
977,28,Male,3,2,Beauty,27,0,11
978,58,Male,2,2,Beauty,84,0,9
979,56,Non-binary,3,2,Home,43,0,11
980,28,Male,11,1,Beauty,38,0,8
981,47,Non-binary,1,3,Clothing,31,0,9
982,54,Female,8,1,Beauty,44,0,13
983,50,Male,2,1,Home,35,1,10
984,64,Non-binary,7,1,Beauty,40,0,10
985,52,Female,10,2,Clothing,63,0,6
986,49,Male,3,3,Books,67,0,9
987,51,Male,1,0,Electronics,82,0,7
988,47,Female,3,1,Beauty,70,0,11
989,59,Non-binary,6,2,Home,38,0,9
990,26,Male,3,2,Home,57,0,13
991,56,Non-binary,7,2,Books,65,0,14
992,37,Non-binary,8,1,Electronics,45,0,13
993,50,Female,11,1,Books,40,0,7
994,56,Female,10,1,Clothing,54,0,10
995,22,Male,9,1,Clothing,71,0,8
996,55,Non-binary,4,1,Books,51,1,11
997,42,Male,1,2,Home,56,1,11
998,38,Male,8,2,Beauty,59,0,9
999,48,Non-binary,8,2,Beauty,48,0,12
1000,57,Male,2,0,Books,54,0,7
