PropertyID,Location,PropertyType,Bedrooms,Bathrooms,Size,Age,Price,Buyer,BuyerAge,BuyerGender
1,Buckleyview,Townhouse,5,2,129,99,249591,John Turner,70,Male
2,Lake Gregory,House,5,1,73,51,193616,Jacqueline Wong,63,Male
3,South Lisaville,Townhouse,5,2,89,42,153323,Kathleen Powers,44,Male
4,Port Rogerfurt,Condo,1,2,103,47,161253,Michael Deleon,64,Male
5,Johnport,Townhouse,5,1,83,84,126729,Nathaniel French,55,Male
6,Pearsonport,Townhouse,5,1,89,30,182319,Pamela Kim,26,Female
7,East Peter,Condo,2,1,124,84,252090,Susan Jones,65,Female
8,Jasonburgh,Condo,3,2,129,83,248102,Benjamin Cole,23,Male
9,South Stephanieland,House,1,2,48,4,132237,Benjamin Haney,40,Female
10,Port Michaelland,House,2,3,104,13,180756,Nathan Pace,22,Female
11,South Elizabethborough,Apartment,2,2,89,81,205235,Kimberly Jackson,28,Female
12,Lake Scottborough,Apartment,1,2,122,55,144839,Joseph Lara,46,Male
13,New Anna,Townhouse,1,3,142,14,213032,Brandon Reynolds,64,Female
14,East Kaitlintown,Townhouse,5,1,97,25,268547,Christopher Daniels,30,Female
15,New Lisaberg,Townhouse,4,2,97,82,169706,Amy Foster,48,Male
16,Stephanieburgh,Condo,4,2,107,6,114676,Dawn Cook,68,Female
17,Lake Kylechester,House,3,1,147,48,241713,Michael Curtis III,68,Female
18,Mirandatown,Condo,1,2,71,64,223324,Charlene Griffin,22,Female
19,Alvarezland,Apartment,4,3,67,17,186609,Michelle Ramos,28,Female
20,West Anthonychester,Townhouse,5,3,125,99,219214,Sara Bullock,39,Male
21,North Stevenbury,House,2,2,116,19,303311,Darren Smith,45,Female
22,Michellestad,House,2,2,131,9,165174,Henry Garcia,50,Male
23,Marissaville,Condo,4,3,52,91,175126,Monica Wallace,30,Male
24,West Aaron,Condo,4,1,65,76,112273,Leah Weaver,33,Female
25,West Javierville,Apartment,5,1,101,78,259381,Christopher Miller,39,Male
26,Taylorport,House,2,2,85,32,208212,William Jordan,49,Female
27,Rowefort,House,5,2,71,45,241520,Edward Mullins,35,Male
28,South Jenniferstad,Condo,4,3,93,33,267447,Alyssa Wilson,25,Male
29,Port Angelachester,House,4,2,133,26,254034,Jessica Wolfe,49,Male
30,New George,Apartment,5,1,110,98,268934,Casey Sawyer,30,Female
31,South Anitastad,Apartment,1,3,115,17,238855,Amanda Green,32,Male
32,North Michaelshire,Condo,4,1,50,92,337072,John Anderson,53,Male
33,Mollyburgh,House,5,1,133,91,225457,Justin Pittman,37,Female
34,Lake Robertchester,Apartment,4,1,121,11,202456,Curtis Summers,37,Female
35,Lake Michael,Condo,1,1,139,22,162862,Vanessa Palmer MD,61,Female
36,East Mary,Condo,5,2,81,67,218314,Mason Carson,61,Female
37,Jamesside,Townhouse,4,3,74,62,235429,Eric Walker,35,Female
38,West Gavin,Townhouse,5,3,126,28,204870,Charlotte Chavez,25,Male
39,East Abigail,House,2,1,89,19,228773,Marcus Parker,43,Male
40,Johnsonville,House,2,1,113,21,214738,Justin Reyes,65,Female
41,Walkerchester,House,2,1,61,98,127606,Tammy Thomas,32,Female
42,Baileychester,Condo,1,3,90,78,210784,Robert Vargas Jr.,63,Female
43,Lake Chad,Townhouse,2,3,34,47,230008,Joseph Schultz,36,Male
44,Wolfetown,Condo,4,2,107,34,164759,Charles Kennedy,25,Male
45,Harrellburgh,House,1,2,97,23,298378,Joshua Brown,34,Male
46,Williamshire,Apartment,3,1,96,88,129137,Michael Griffin,50,Male
47,North Christinabury,Townhouse,3,3,74,39,226211,Robert Russell,39,Female
48,Lake Brandonland,House,5,1,112,92,258896,Brad Holland,26,Male
49,Ramosport,House,3,3,91,66,300042,Haley Wagner,36,Female
50,New Corey,Condo,3,3,152,92,265286,Andrea Rodriguez,60,Female
51,Edwardsview,Townhouse,3,1,89,55,155325,Matthew Lewis,64,Male
52,Foxton,Apartment,5,1,166,20,135196,Samantha Moreno,35,Male
53,West Robin,House,3,2,92,1,216143,Andrew Hernandez,70,Male
54,South Alexander,House,1,2,102,68,180980,Catherine Williams,60,Male
55,New Carolyn,Townhouse,2,3,106,38,253343,Abigail Lucas,66,Female
56,Elizabethchester,Condo,3,3,105,67,282278,Mr. Gary Townsend,41,Female
57,West Victoriamouth,Townhouse,3,3,68,81,139305,Jeffrey Gonzalez,22,Female
58,West Ebony,Townhouse,2,3,103,17,184848,Laura Obrien DDS,61,Male
59,Lake Kennethfort,Apartment,4,3,128,21,212030,Maria Holland,29,Male
60,Moodymouth,House,2,1,94,61,167870,Joseph Brown,65,Male
61,Toddtown,Condo,4,3,90,45,243748,Stephen Conway,58,Female
62,New Meghanberg,Apartment,5,3,70,90,149202,Zachary Fields,32,Male
63,South Shari,Condo,2,2,102,10,185967,Karen Garcia,69,Female
64,Reedfurt,Condo,5,1,89,44,261094,Lisa Rogers,24,Male
65,West John,Condo,4,2,86,82,186670,Robert Guerra,37,Female
66,Joelmouth,House,4,3,127,92,133907,Marcus Ramos,33,Male
67,South Roberta,House,5,3,74,56,186580,William Arnold II,40,Male
68,Cassidyview,House,4,3,103,18,235548,Vincent Skinner,33,Male
69,South Amyport,Apartment,5,1,85,47,156205,Edward Schmidt,48,Male
70,Weaverberg,Condo,4,3,112,46,183043,Annette Madden,67,Female
71,Evansland,Townhouse,4,2,97,36,228877,William Blair,49,Female
72,West Williamchester,Condo,3,1,96,27,209062,Susan Murray,56,Female
73,Teresaburgh,Condo,1,2,68,53,153587,Joanne Ramirez,67,Female
74,Watsonport,House,4,1,112,40,240108,Mr. Austin Cabrera,58,Male
75,North Stephaniehaven,Apartment,3,3,50,17,229882,Johnny Walker,25,Male
76,North Kimberly,Apartment,5,2,94,44,181612,James Jackson,70,Male
77,East Hollyport,Apartment,2,1,67,85,185287,Matthew May,40,Male
78,East Scott,House,2,2,123,54,228757,Dustin Nunez,53,Male
79,West Markbury,House,4,2,182,37,175072,Amy Garcia,55,Female
80,West Michaelfurt,Apartment,4,1,65,96,163743,Juan Davis,57,Male
81,Patriciaside,Townhouse,1,1,126,30,185483,Jessica Williams,50,Male
82,Leemouth,Condo,4,2,116,62,207084,Debbie Chambers,58,Male
83,Port Kyleberg,Townhouse,4,1,65,15,155272,Ashley Williams,25,Male
84,Seanchester,Apartment,1,3,59,20,156078,Christopher Diaz,29,Male
85,Janetville,Townhouse,4,1,120,47,96117,Robin Mills,27,Female
86,Matthewview,Apartment,5,2,143,84,160812,Daniel Gonzalez,43,Male
87,West Kennethborough,Apartment,2,3,17,81,231175,Rachel Dickerson,30,Male
88,Port Michael,Condo,2,2,98,21,153271,Richard Johnson,67,Female
89,New Karen,Apartment,3,1,86,80,258702,Maria Mcconnell,62,Male
90,North Christopherhaven,Townhouse,2,2,38,4,115642,Charles Ellis,51,Female
91,West Jennifer,House,3,2,54,33,193254,James Velazquez,64,Female
92,Rickyland,Apartment,3,2,65,98,214877,Melinda Cunningham,67,Female
93,East Jeffburgh,House,3,1,82,77,207583,Dominic Shah,67,Male
94,East Joshuashire,Townhouse,3,3,127,28,197638,Gary Wagner,49,Male
95,Lake Ashley,House,4,1,82,25,206891,Sara Freeman,23,Female
96,Mikehaven,House,2,3,114,6,196144,Margaret Bell,48,Female
97,Kevinburgh,House,2,2,120,79,212304,Jennifer Mack,63,Female
98,Lake Joelside,Townhouse,3,3,106,53,204577,Corey Garcia,54,Male
99,Lake Carolyn,Condo,2,3,121,48,219953,Gregory Vega,40,Male
100,Ruthmouth,Apartment,4,3,115,84,149854,Aaron Spears,63,Female
101,Barnettton,Condo,3,2,73,52,207586,Zachary Stephenson,58,Female
102,Patrickport,House,1,2,109,66,256008,Emma Manning,65,Female
103,South Curtischester,House,1,2,95,100,203843,Jason Brooks,57,Male
104,Markburgh,House,4,2,133,38,232920,Adrienne Hernandez,29,Male
105,Port Oliviamouth,Townhouse,1,3,56,23,219758,Pam Bennett,44,Male
106,Jamesfurt,Townhouse,3,3,123,88,237957,Aaron Smith,38,Female
107,Douglasland,Apartment,5,1,124,55,240119,Seth Hoffman,62,Female
108,Kelseymouth,House,1,1,75,11,162334,David Cortez,35,Male
109,Port Heather,Condo,2,3,87,26,226314,Kelly Mathis,43,Male
110,Moorechester,Townhouse,5,1,97,61,156298,Richard Taylor,31,Male
111,Marystad,Apartment,3,1,138,44,190052,Connie Murray,39,Male
112,Lopezburgh,Condo,2,3,17,32,164322,Benjamin Pittman,46,Male
113,Ivanmouth,House,3,3,121,78,187069,Michael Morales,45,Male
114,Port Candice,Condo,5,2,145,80,219140,Ariana Beck,36,Male
115,Philliphaven,Condo,1,2,91,75,198991,Heather Moore,50,Male
116,New Caitlinfurt,Townhouse,4,1,39,23,181962,Angela Butler,54,Male
117,Markborough,House,3,3,121,85,223874,John Hutchinson,32,Male
118,North Ryanside,Apartment,1,3,64,70,240930,Susan Bryant,65,Female
119,Amandaland,Townhouse,3,3,112,100,305350,Bridget Carter,46,Male
120,East Victoriaton,Condo,5,3,160,51,240457,Brian Mccormick,33,Male
121,New Mackenzie,Townhouse,2,2,107,48,239958,Wendy Woodard,66,Female
122,Zoeton,Apartment,2,1,107,38,179367,Maureen Boyd,61,Male
123,Nicolefort,Apartment,1,1,121,72,233282,Kyle Cook,59,Female
124,Brendaland,Townhouse,3,1,49,72,213774,Matthew Baxter,28,Female
125,Brittanytown,Condo,5,2,162,54,193701,Dawn Perry,55,Male
126,New Julia,House,1,1,132,42,263674,Alexa Hull,39,Male
127,West Melissa,Townhouse,4,1,105,75,275563,Thomas Cannon,69,Female
128,Scottfort,House,5,2,111,29,179011,Bryan Farrell,46,Female
129,Port Scottmouth,Apartment,3,1,120,24,214330,Natalie Huff,31,Male
130,West Rachaelfurt,Apartment,3,2,108,78,166866,Shannon Roberts,35,Male
131,Rebeccaland,Condo,2,2,104,95,233843,Michael Dickson,38,Female
132,South Robert,Apartment,5,3,75,27,-11575,Nicole Bishop,40,Male
133,Smithburgh,House,4,2,108,1,179346,Bethany Ramirez,70,Male
134,Dannybury,Townhouse,1,2,98,52,257255,Jeffrey Shea,49,Male
135,Tammybury,Condo,3,3,100,85,213469,Joel Chavez,58,Female
136,North Cassandrabury,House,5,1,117,55,250755,Amy Ramos,58,Male
137,Nathanielstad,Apartment,3,1,113,56,152955,Jeffrey Mcdaniel,57,Female
138,Davisborough,Apartment,4,3,150,16,269565,Mary Wyatt,35,Female
139,Brucefurt,Townhouse,2,3,109,60,202175,Anita Raymond,34,Male
140,Humphreyton,House,5,3,99,60,202092,Brian Nunez,56,Male
141,Port Aaron,Condo,2,3,159,32,184891,Eric Cantrell,42,Male
142,New Tiffany,House,5,2,82,88,294283,David Nunez,44,Female
143,Jenniferburgh,Townhouse,3,3,92,37,199338,Craig Durham,54,Female
144,North Elizabethhaven,Condo,2,1,152,24,238347,Edward Rogers,26,Male
145,South Alejandrochester,Townhouse,1,1,95,7,222361,Molly Davis,21,Male
146,North Seanland,House,2,1,141,36,209646,Dana Glenn,51,Female
147,West Tonyaville,Townhouse,3,2,82,53,112499,Charles Garcia,42,Female
148,Robertchester,Apartment,4,2,85,91,139595,Donna Willis,22,Female
149,Laurentown,Townhouse,3,2,159,73,174946,Jeffrey Evans,58,Female
150,Christopherhaven,Townhouse,4,1,160,17,238536,Steven Miller,70,Male
151,East Jessicaland,Condo,1,1,105,47,181423,Kimberly Dawson,56,Male
152,Port Danielleside,Apartment,1,1,80,3,218202,Kelly Fisher,54,Male
153,East Michaelstad,House,4,1,90,61,288482,Shawn Oliver,65,Male
154,Patriciaport,Apartment,3,2,62,65,235166,Glenn Brown,32,Male
155,North Jamesbury,Condo,2,1,123,64,215367,Judy Ray,55,Female
156,North John,Apartment,4,1,147,9,235628,Kyle Sellers,27,Male
157,Wayneberg,Apartment,4,3,79,71,130874,Tonya Johnson,51,Male
158,North Lindaberg,House,3,2,20,24,271834,Vickie Hughes,34,Female
159,Jasonshire,Condo,5,1,115,70,188179,Miranda Coleman,39,Male
160,Deanhaven,House,1,2,104,15,221842,Christine Mcknight,40,Female
161,Matthewsberg,Townhouse,2,2,69,47,131383,John Matthews,27,Male
162,North Dana,Townhouse,1,3,113,4,227958,Brenda Allen,24,Male
163,Gutierrezfort,House,3,2,99,93,232753,Michael Larsen,48,Female
164,East Christopherbury,Townhouse,4,3,127,74,105581,Alan Case,20,Female
165,Samuelmouth,Townhouse,1,3,116,65,237707,Linda Jenkins,64,Female
166,Peterhaven,Townhouse,2,2,113,22,263059,Russell Warner,63,Female
167,Port Jessica,Condo,2,2,108,65,298590,Brian Brown,28,Male
168,Josemouth,Condo,2,2,129,46,140823,Mary Davis,20,Female
169,West Bernardside,Condo,1,2,107,80,243881,Angela Oconnell,39,Female
170,Kennethbury,Apartment,1,1,80,4,192334,Brandy Jenkins,36,Female
171,Elizabethfurt,House,2,1,82,55,204384,James Martinez,49,Male
172,Castroburgh,Townhouse,4,1,107,7,153171,Mark Johnson,26,Female
173,North Emilyville,Condo,4,1,93,29,201190,April Chang,41,Male
174,North Amanda,Apartment,2,1,114,51,148978,Ms. Kaitlyn Williams,62,Male
175,Simpsontown,Apartment,4,1,50,10,189673,John Patterson,52,Male
176,New Donnaburgh,House,2,1,97,8,199432,John Johnston,61,Male
177,Poncefort,Townhouse,3,2,57,66,167845,Rachael Grant,36,Male
178,Hoganland,Condo,2,2,120,72,161251,Tammy Webster,22,Male
179,Lindabury,Apartment,5,3,133,85,216471,Timothy Robinson,69,Female
180,Port Jasonberg,Apartment,1,3,62,50,191805,Sonya Crosby,32,Female
181,Stacieburgh,Apartment,3,2,97,62,203139,Anna Hayden,31,Male
182,East Guy,Condo,4,2,56,59,118979,Brian Anderson,60,Female
183,Deniseview,Townhouse,2,2,61,76,133260,Pamela Rodriguez,59,Male
184,Wheelerchester,Condo,4,3,108,22,227713,Maria Jones,42,Male
185,East Michael,House,2,2,121,45,207837,Brent Carr,22,Female
186,North Cynthiatown,Townhouse,3,1,61,82,231908,Robert Schroeder,63,Female
187,West Tina,Townhouse,5,1,61,58,179559,Olivia Smith,65,Male
188,Jenniferbury,Condo,5,3,93,74,238849,Rebecca Romero,65,Female
189,Dawnland,Condo,4,1,87,71,251066,Amanda Montes,44,Female
190,New Rebeccaton,House,4,2,64,2,198122,Beth Higgins,27,Male
191,North Craig,House,1,3,120,80,238596,Patrick Flores,36,Female
192,Lake Brianna,Condo,2,1,103,77,161603,Terry Williams,57,Male
193,East Denisehaven,House,4,3,103,36,141513,Jennifer Marshall,39,Male
194,Jacobstad,Apartment,1,3,104,37,160340,Antonio Frost,68,Female
195,Josephburgh,Condo,5,2,121,39,212195,George Hunt,33,Male
196,Lake Douglashaven,Townhouse,4,1,75,3,152146,Rebekah Barrera,46,Female
197,Conwayborough,Townhouse,1,3,126,90,99977,Rick Robles,20,Male
198,New Jennifer,House,5,2,101,49,209849,Angela Swanson,56,Female
199,North Andrew,Apartment,3,2,42,70,269063,Dustin Edwards,57,Male
200,Port Brittney,Condo,4,1,93,52,136501,Nathaniel Decker,65,Male
201,Hollandhaven,Townhouse,5,1,74,44,207852,Alicia Hill,29,Female
202,Georgehaven,Townhouse,3,3,122,26,242042,Traci Cross,30,Male
203,Williamsonhaven,Townhouse,3,1,56,100,214191,Steven Warren,49,Female
204,Brittanychester,House,5,2,75,74,123486,Karen Thomas,37,Male
205,Leahville,Townhouse,2,1,110,57,163773,Evan Gray Jr.,28,Female
206,North Patricia,Condo,4,1,63,30,179673,Dustin Nelson,68,Male
207,Lake Kiara,Condo,2,3,121,7,182506,Lauren Leblanc,63,Male
208,Toddfort,House,3,1,70,97,176211,Catherine Carter,38,Female
209,East Paul,Condo,5,3,98,46,256166,Tracey Parker,53,Female
210,West Deanborough,Townhouse,4,3,153,25,187171,Kimberly Campbell,49,Female
211,West Michaelshire,Condo,5,2,137,28,160828,Andrew Adams,24,Female
212,Richardshire,Condo,4,1,48,77,184239,Angela Rosario,35,Male
213,Mannington,Townhouse,5,3,100,20,200696,Samantha Travis,68,Male
214,West Rogerfurt,House,4,3,65,15,234493,Faith Cook,36,Female
215,West Kristenhaven,House,2,1,120,45,169774,Sharon Stuart DDS,68,Female
216,North Jimmy,Condo,5,1,135,41,259757,Kevin Nielsen,32,Male
217,Lorraineville,Townhouse,5,1,106,53,107589,Kimberly King,20,Female
218,Steventon,House,2,1,95,48,254886,Johnny Kelley,60,Male
219,West Loriberg,Townhouse,4,3,115,36,237301,Charles Thompson,57,Male
220,North Jenniferview,Townhouse,1,2,108,94,202894,Casey Smith,37,Female
221,Port Gary,House,1,2,113,5,225780,Mitchell Fletcher,52,Female
222,Anthonychester,Apartment,1,1,115,5,242279,Stacey Wilson,63,Female
223,East Amberbury,Townhouse,3,3,125,19,137322,Marc Mcdaniel,22,Female
224,Andersonmouth,House,3,1,126,80,261222,Bethany Fletcher,38,Male
225,Laurenberg,Condo,5,1,101,58,206253,Angela Schultz,32,Male
226,Floreshaven,Townhouse,2,2,106,7,150683,John James,41,Male
227,North Ronald,Condo,2,2,92,61,334277,Diana Adams,25,Female
228,Traceyberg,House,1,1,88,17,176732,Tommy Hill,36,Male
229,Davidfort,Condo,5,2,121,85,220447,Henry Boone,47,Female
230,Ruizborough,Condo,5,2,131,79,230688,Lisa Bishop,24,Female
231,Lake Sarahmouth,Apartment,1,2,86,51,145921,David Collins,36,Female
232,East Erikland,House,4,3,76,50,219306,John Duncan,22,Male
233,Davisfort,Townhouse,2,1,74,89,90748,Shelley Bautista,62,Male
234,South Alexisview,Townhouse,5,2,113,12,200176,Carol Palmer,30,Male
235,Pamelafort,Apartment,5,1,99,2,340819,Sherry Gray,31,Male
236,Codyport,Apartment,2,1,92,49,188891,Malik Mccullough,36,Male
237,Lake Kevintown,Townhouse,4,3,104,94,158767,Steven Davis,44,Male
238,Grimesmouth,Townhouse,4,2,108,46,146861,Nicholas Lambert,40,Male
239,Rebeccafort,Townhouse,3,1,127,39,214726,Brian Lee,31,Male
240,West Bobby,House,2,2,108,69,137336,Christy Johnson,58,Male
241,Hessview,House,1,1,144,84,175810,Jerry Rogers,58,Female
242,Thomashaven,House,1,3,109,46,330130,Richard Russell,54,Female
243,East Jacobburgh,Apartment,1,3,57,21,74711,Rita Bolton,48,Male
244,West Vicki,Apartment,3,1,130,87,222201,Lisa Coleman,35,Male
245,Josephton,Condo,5,2,123,29,251932,Emily Sims,51,Female
246,Stephanieview,Townhouse,5,2,58,38,192052,Thomas Foster,55,Female
247,East Ryan,Apartment,4,2,112,93,204407,Sandra Cohen,38,Female
248,South Jaclyn,Townhouse,4,2,94,6,134311,John Curry,49,Male
249,Fletcherport,Townhouse,1,3,79,84,246206,Cassandra Reynolds,42,Male
250,Valdezview,House,4,1,71,70,165973,Cynthia English,37,Female
251,Abigailborough,House,2,2,148,66,214543,Maurice Fernandez,58,Female
252,Lisabury,Townhouse,3,2,100,54,134628,Patricia Gomez,57,Female
253,Boydfort,Townhouse,5,3,76,36,160459,Martin Villarreal,28,Male
254,North Stephaniestad,Condo,3,2,50,82,189834,Nicholas Olsen,24,Male
255,Perrymouth,Apartment,5,2,119,21,252948,Elizabeth Williams,61,Male
256,Lake Deborahtown,Townhouse,5,3,213,12,154422,Traci Owens,60,Male
257,Port Melissa,Condo,4,2,75,57,201955,Angela King,67,Male
258,Hernandeztown,Townhouse,5,3,133,93,145838,Jerry Anderson MD,39,Male
259,Port Charles,House,4,3,102,28,134413,Steven Collins,52,Female
260,Jacquelineside,House,4,3,104,34,292089,James Savage,58,Male
261,Port Randyburgh,Condo,3,1,83,99,235432,Marissa Haynes,41,Male
262,Dicksonbury,Townhouse,3,1,129,22,178521,Amy Joseph,38,Female
263,Rosarioburgh,Apartment,3,2,114,45,143245,Jennifer Davis,63,Female
264,East Alyssa,House,4,1,87,14,214023,Jessica Price,42,Female
265,Jasonshire,House,5,2,148,77,65496,Charles Walls,25,Female
266,South James,House,1,1,84,64,39894,Samantha Contreras,57,Female
267,Port Kayla,House,4,3,80,37,156838,Jason Patton,52,Male
268,Stanleyfort,House,1,3,116,54,151906,Bob Robinson,40,Male
269,Barrettchester,Condo,3,3,79,8,191127,Holly Kim,47,Male
270,Cortezborough,House,2,3,26,30,134823,Daniel Williams,22,Female
271,East Morgan,Townhouse,3,3,117,33,248943,Shirley Diaz,50,Female
272,Port Kirsten,Condo,5,1,103,34,181469,Shane Tucker,59,Female
273,South Amanda,Apartment,2,1,83,41,153333,Ian Keith,36,Male
274,Williamsberg,Condo,1,2,93,69,275020,Vincent Baker,36,Female
275,Bakerton,Condo,3,3,169,16,153742,Christine Jones,63,Female
276,West Michaelshire,House,2,1,119,56,204336,Mary Bradley,24,Female
277,Ashleechester,House,4,2,134,6,182611,Robert Gonzalez,52,Male
278,Anachester,Townhouse,5,3,65,21,196673,Arthur Johnson,32,Male
279,North Derektown,House,1,1,58,31,234518,Michael Wilson,31,Female
280,New Wayne,Condo,3,2,69,74,206560,Peter Martin,20,Male
281,Shawnmouth,Condo,3,2,105,93,236811,Rebecca Grant,36,Male
282,South Sara,Condo,4,3,73,24,274029,Joshua Moreno,53,Female
283,Henryton,Condo,2,2,148,50,241903,Karen Ward,56,Female
284,Bowersberg,Townhouse,5,2,84,6,249569,Lynn Jackson,62,Female
285,East Danielle,Apartment,1,2,53,85,136571,Emily Guerra,49,Female
286,South Samanthamouth,Condo,2,3,98,59,177417,Kathy Wang,41,Male
287,Danielhaven,Townhouse,1,3,72,49,220396,April Bowman,22,Male
288,East Danielmouth,House,3,2,85,40,184100,Shelby Kane,30,Male
289,North Anaberg,Condo,4,2,94,53,252119,Becky Lopez,64,Male
290,Alexanderfort,Townhouse,3,3,92,47,159741,Laura Blair,57,Male
291,New Staceyhaven,Apartment,3,1,98,18,256020,Christopher Kennedy,20,Male
292,Lake Benjaminberg,Apartment,3,1,106,24,184612,Larry Cook,50,Female
293,Lake Elijah,House,1,3,104,21,154007,Cassandra Krause,44,Female
294,Ericaville,Condo,5,1,36,63,233241,Lisa Hernandez,38,Female
295,Andreaview,Condo,3,3,37,44,310198,Lindsey Brown,52,Male
296,South Christopherburgh,Condo,4,2,137,6,235446,Teresa Sanchez,66,Male
297,Anastad,Condo,3,1,130,1,176557,Nicholas Scott,27,Female
298,Mauricehaven,Townhouse,5,1,112,13,210572,Roberto Reyes,64,Female
299,Port Richardton,Townhouse,5,2,82,65,220749,Jill Castro,27,Male
300,Clarkstad,Condo,4,3,107,42,156767,Sharon Walton,63,Female
301,West Crystal,Condo,1,3,67,37,229294,Robert Miller,26,Male
302,Jenniferberg,Townhouse,3,1,155,95,201830,Christina Costa,61,Male
303,Christopherland,Townhouse,4,1,53,41,263480,Steven Thomas,38,Male
304,Bradleyside,Townhouse,3,1,123,28,123370,John Bowen,34,Female
305,New Lance,Townhouse,2,2,74,79,160046,Mr. Joshua Johnson,45,Female
306,Ginaport,Townhouse,3,1,57,70,345009,Anna Willis,47,Male
307,Moodyhaven,House,3,2,67,9,151840,Christina Peterson,48,Female
308,New Julie,House,5,2,91,28,214664,Tara Mcdonald,65,Female
309,East David,Townhouse,4,1,52,28,211036,Amanda Marquez,61,Female
310,Donaldside,Townhouse,3,2,119,90,51811,Andrew Henderson,42,Female
311,South Melvinville,Condo,4,3,132,10,194738,Timothy Rivera,30,Female
312,Dixonbury,Townhouse,5,2,136,74,247200,Donald Clark,40,Male
313,East Kylefort,Townhouse,5,3,104,39,135665,Jacqueline Conner,61,Female
314,Taylorville,House,1,1,72,44,272463,Brandon Clayton,47,Male
315,Ericborough,House,4,1,139,15,130982,Robert Murray,34,Male
316,Andersonmouth,Condo,1,2,93,39,162207,Charles Mccarty,22,Female
317,Kevinberg,Townhouse,3,3,139,91,92159,Julie Morris,67,Male
318,Allenmouth,Townhouse,3,3,71,85,280046,David Edwards,45,Male
319,Barrettfort,House,1,1,124,48,203578,Melissa Hill,62,Male
320,East Zachary,Condo,3,3,146,32,215481,Mr. Brandon Gillespie,57,Female
321,Butlerside,Townhouse,1,3,94,64,156168,Jerry Wang,25,Female
322,North Brendamouth,Apartment,5,1,96,26,130418,Kevin Lee,36,Female
323,Port Jennafort,Townhouse,1,1,77,25,211884,Anna Cortez,23,Female
324,South Javierfurt,Condo,3,3,108,46,157063,Janet Beck,60,Male
325,Port Heidi,Condo,2,3,33,39,188168,James Fisher,51,Female
326,Danielton,Townhouse,1,1,129,69,176434,Melanie Lang,67,Male
327,Justinside,House,2,1,103,86,241102,Shawn Wood PhD,67,Male
328,New Madisonville,Townhouse,4,3,132,3,127736,Ashley Solis,43,Male
329,West Kyle,Apartment,5,1,112,37,273572,Nicolas Horn,22,Female
330,West Kimberly,House,5,3,77,2,216800,Joseph Johnson,30,Female
331,South Scotttown,Condo,4,1,76,2,262722,Kimberly Jones,43,Female
332,Williamshaven,Condo,4,3,146,23,224492,Carlos Cohen,69,Male
333,Lake Ashleeborough,Condo,4,1,107,41,171212,Robert Bush,68,Female
334,Robertsmouth,House,3,2,84,86,149842,Calvin Hodge,45,Male
335,Stewarttown,House,4,2,72,74,98609,Harold Williams,51,Female
336,North Thomasfort,Townhouse,4,2,107,68,183853,Jasmine Brown,50,Male
337,East Carriemouth,Apartment,5,1,36,38,287805,Monica Shannon,48,Female
338,Sanchezland,Condo,3,2,123,48,185309,George Brown,23,Female
339,Port Joyfurt,Apartment,5,2,139,78,220013,Kristine Martinez,22,Male
340,Jasmineside,Townhouse,3,3,89,14,197594,Michael Davis,61,Male
341,Parkbury,Condo,3,3,69,28,223079,John Mcgee,68,Male
342,South Briantown,House,5,3,56,60,212987,Rodney Johnson,41,Male
343,Erinport,Condo,1,2,75,51,192091,Timothy Dickerson,23,Female
344,West Alanville,Townhouse,5,2,101,44,264422,Misty Holmes,37,Female
345,New Lisaton,Townhouse,4,3,99,91,229336,Julie Cook,59,Female
346,South Jamesport,Townhouse,1,3,131,76,176622,Rachel Sosa,36,Male
347,West Steven,Apartment,1,1,104,36,256593,Alice Johnson,54,Female
348,Paulton,Condo,5,3,74,89,173232,Joseph Hodges,66,Male
349,Laneborough,Townhouse,1,2,87,28,230312,John Brown,68,Male
350,New Lawrence,Condo,1,1,121,50,148003,Lauren Fisher,21,Female
351,Shannonside,Apartment,4,3,70,26,267671,Mary Thompson,38,Male
352,Anthonyhaven,Condo,3,1,83,69,233305,Emily Strickland,39,Female
353,Port Anne,Townhouse,1,2,113,43,254182,Judith Cox,58,Male
354,South Danielchester,Townhouse,2,2,74,26,130376,David Smith,52,Male
355,Florestown,Townhouse,2,1,97,44,145953,David Walker,58,Female
356,Robbinsberg,House,1,3,105,54,287021,Jennifer Mack,43,Female
357,Port Tyler,House,5,2,107,40,182013,Andrew Jones,34,Female
358,East Jason,Apartment,4,3,89,9,133048,Jessica Henderson,31,Male
359,Garyberg,Townhouse,2,2,95,4,209304,Leah Small,34,Female
360,Port Leeberg,Townhouse,5,3,92,53,260831,Anita Humphrey,59,Male
361,Bonniechester,House,1,2,188,99,155191,Jeffrey Bryant,59,Female
362,New Victoria,Condo,1,2,90,9,178042,Dominique Mccarty,36,Female
363,Lake Daniel,Condo,5,2,91,49,229946,Christina Green,50,Female
364,New Kevinstad,Condo,2,2,55,9,178367,Mrs. Dawn Mendez,41,Male
365,East Jonathan,Townhouse,5,1,137,55,154286,Michelle Wilson,37,Male
366,South Kimberlyfort,Apartment,3,1,104,86,286330,Dr. Jeffrey Thompson,69,Male
367,New Joshua,House,2,3,63,25,191787,David Ellis,23,Male
368,Jonesport,Townhouse,5,1,55,95,175566,Charles Taylor,38,Male
369,West Aaronview,Apartment,5,1,109,30,109354,Daniel Rodriguez,63,Female
370,Port Wyattville,House,1,2,36,72,162492,Amy Bond,59,Male
371,Jeffreytown,Townhouse,2,2,99,43,167846,Chad Mitchell,46,Male
372,North Vanessa,Apartment,2,3,54,63,272310,Tiffany Friedman,26,Male
373,East Nicolechester,Apartment,3,1,76,90,208780,Chelsea Evans,55,Male
374,South Kristinport,Apartment,4,2,92,14,183355,Michael Figueroa,66,Female
375,West Gregory,Townhouse,3,3,81,18,212357,Eugene Curry,51,Male
376,West Daniel,Townhouse,3,1,119,13,140635,Rodney Holloway MD,36,Female
377,Ronaldstad,Townhouse,2,1,112,76,154708,Robert Moore,34,Female
378,West Greggberg,Condo,5,3,95,52,222103,Vanessa Chen,32,Male
379,North Danielleview,Apartment,4,1,145,22,227124,Samuel Welch,37,Male
380,Stephenfurt,Apartment,5,3,153,39,174067,George Curry,33,Female
381,Port Michael,House,2,2,58,72,130552,Danielle Nguyen,52,Female
382,Cynthiabury,Condo,3,2,37,18,227262,Heather Jones,69,Male
383,Anneberg,Townhouse,2,1,120,89,141218,Karla Sanchez,23,Female
384,Henrymouth,Apartment,1,3,132,61,177059,Benjamin Wheeler,59,Male
385,South Mark,Apartment,5,3,61,82,171283,Scott Greene,67,Male
386,Jessicachester,House,2,1,75,39,166904,Tyler Miller,61,Male
387,Cannonburgh,Condo,3,1,84,100,208196,Mark Montgomery,57,Female
388,South Michael,Condo,1,3,76,31,175955,Kelsey Thompson,52,Female
389,North Christopherland,Condo,4,3,63,6,184078,Tracy Kennedy,63,Male
390,Lake Bruce,Apartment,2,2,139,61,298190,Larry Carpenter,60,Male
391,South Tamaraport,Condo,3,3,114,55,222321,Jamie Hutchinson,61,Female
392,Hillfurt,House,2,2,111,73,130969,Beth Flynn,56,Female
393,Port Joshuafort,Apartment,2,1,54,16,250770,David Owens,54,Male
394,East Alexanderchester,Condo,2,3,123,62,265667,Ivan Shaw,41,Female
395,Craigland,Townhouse,3,1,119,48,173683,Steven White,61,Male
396,Robertshire,House,2,2,85,49,212428,Cassandra Kelly,66,Male
397,Fryport,Condo,4,2,94,2,169121,Joseph Anderson,56,Female
398,Annaburgh,Apartment,2,3,104,44,179849,Daniel Barry,65,Male
399,West Thomas,House,1,1,88,51,101284,Bryan Obrien,31,Female
400,Michelleberg,Condo,1,1,117,75,246958,Jeffrey Welch,66,Male
401,North Wandaview,Townhouse,4,2,106,29,206027,Charles Norton,28,Female
402,Carrieton,House,4,3,60,74,266702,Nicholas Bell,53,Female
403,Hallshire,Townhouse,5,2,114,1,246942,Eddie Lopez,34,Male
404,South Erinborough,House,4,2,115,56,232231,Brianna Hicks,50,Male
405,North Jennifer,Condo,1,2,98,54,133436,Julia Pope,33,Female
406,Wilsonport,Condo,5,3,109,22,192182,Destiny Wilson,52,Female
407,New Meredithbury,Condo,1,3,123,54,236669,Brian Williams,69,Male
408,Charleston,Condo,2,2,102,25,182308,Christopher Thomas,43,Female
409,Jacksonshire,House,5,3,135,58,190544,Christopher Barajas PhD,34,Male
410,Whiteport,Townhouse,3,1,128,96,264432,Glenn Perez,34,Female
411,New Edward,Apartment,1,2,104,85,189634,Alexis Marquez,45,Male
412,North Melissa,Townhouse,3,1,93,57,207508,Meredith Barnes,36,Female
413,Johnsonmouth,Condo,1,1,85,12,95295,Jason Little,21,Female
414,Payneshire,Townhouse,4,2,42,59,217684,Tara Jennings,31,Female
415,West Bryan,Apartment,4,2,49,26,120494,Cody White,38,Female
416,North Tony,Townhouse,4,2,159,56,143894,Jessica Humphrey,52,Female
417,North Brittanyton,Condo,3,1,161,72,144978,Jenna Haas,23,Female
418,Cranehaven,Apartment,1,1,80,56,169088,Monica Benitez,42,Male
419,North Lisaburgh,House,5,1,111,25,245947,Jodi Taylor,37,Male
420,Lake Ryanland,Condo,2,3,89,89,175823,Bradley James MD,40,Male
421,South Hectorfort,Townhouse,4,3,89,94,204969,David Williams,65,Male
422,Alexandraport,House,4,2,79,50,167608,Alexandria Parker,46,Male
423,Charlesfurt,House,1,1,57,52,93805,Cynthia Wallace,24,Female
424,Joannefort,Townhouse,2,1,130,96,211355,Jason Shelton,30,Male
425,Cortezstad,Condo,1,1,99,9,204860,Megan Miller,55,Female
426,South Raymond,Apartment,5,3,131,72,204039,Dawn Gibson,43,Female
427,Owenstad,Condo,5,1,99,55,171677,Anthony Marshall,68,Female
428,East Alexanderfurt,Condo,4,3,75,22,146215,Wanda Kennedy,38,Female
429,Bruceside,House,1,3,104,43,197128,Stephen Adams,56,Male
430,Howebury,Townhouse,3,3,83,92,101109,Patricia Lopez,58,Female
431,East Kelly,Condo,3,2,110,55,294872,Amy Summers,37,Female
432,South Gregory,Apartment,2,3,41,18,216005,Melanie Wilson,57,Female
433,Port Tiffanyton,Apartment,1,1,112,78,236714,Charles Walker,42,Male
434,Bakerfort,Condo,4,2,100,71,213228,Julia Fletcher,45,Male
435,Juanland,House,2,3,110,2,174909,Renee Barnes,39,Female
436,South Nathanberg,Condo,5,1,97,36,197566,Sean Quinn,64,Female
437,Youngfurt,Condo,5,1,90,67,212374,Craig Fletcher,45,Male
438,Lake Danielstad,House,1,3,96,51,137472,Richard Reed,38,Male
439,New David,Condo,3,1,115,78,162902,Ronnie Russell,34,Female
440,New Stephanie,Townhouse,5,2,138,72,163857,Nichole Martinez DVM,29,Female
441,Mcgrathbury,Apartment,4,2,99,56,163469,Mathew Hendricks,25,Male
442,West Brianstad,House,3,2,102,83,136565,Raymond Thomas,53,Male
443,Thomasborough,Townhouse,5,2,119,20,264793,Brittany Gray,41,Female
444,Edwardland,Apartment,3,3,117,50,194166,Paula Acevedo,51,Female
445,West Michellestad,House,2,3,75,90,230057,Luke Foster,58,Female
446,South Christian,Condo,4,1,122,6,213069,Roy Campbell,27,Male
447,Lake Megan,Townhouse,2,3,36,78,177957,Zachary Bell,27,Male
448,Gabrielborough,Apartment,3,3,59,56,207103,Michelle Beck,59,Female
449,Haynesfort,Apartment,1,2,91,79,197433,Gerald Hodge,26,Female
450,Carolynbury,Apartment,2,3,135,95,156174,Jordan Jordan,65,Female
451,Chandlerton,Townhouse,4,3,66,42,117257,Michelle Hall,65,Female
452,Munozstad,House,3,2,75,92,212836,David Carrillo,51,Female
453,Davisville,House,2,2,53,12,214912,Carolyn Day,63,Male
454,Valerieborough,House,1,1,67,23,162386,Alexis Schmitt,54,Female
455,North Melissaview,Condo,2,2,38,86,197203,Rebecca Nixon,42,Female
456,Gravesberg,Condo,5,1,91,1,198708,Daniel Harris,30,Male
457,South Crystal,Condo,4,3,142,83,127313,William Scott,31,Male
458,North James,Townhouse,1,1,49,69,112421,Kathleen Conrad,29,Female
459,Lake Charles,House,1,1,106,36,229485,Glen Johnson,23,Male
460,Rogerborough,House,5,1,140,3,225839,Lisa Sosa,54,Female
461,New Huntermouth,Apartment,4,2,127,45,218870,Jessica Clark,69,Female
462,Port Nicolechester,Townhouse,3,2,33,13,206790,Brian Nicholson PhD,65,Female
463,Port Elijahmouth,House,1,3,72,90,128720,Larry Lee,34,Male
464,Lake Tyler,Townhouse,2,1,136,85,271163,Jennifer Peterson,38,Female
465,Russellmouth,Townhouse,5,2,69,86,190958,Sherry Vega,37,Male
466,Morganfort,Apartment,4,1,76,32,191944,Catherine Morgan,64,Female
467,Cassandraland,House,1,3,65,77,175175,Vickie Osborn,66,Female
468,Lake Marioburgh,Townhouse,3,3,149,36,214065,Sharon Anderson,38,Female
469,North Renee,Apartment,5,2,94,92,135440,Morgan Krause,65,Male
470,Jenniferchester,Condo,3,2,111,35,272960,Shannon Brown,37,Male
471,Johnsonfurt,Townhouse,5,1,60,50,252188,Valerie Gallegos,26,Male
472,Duncanchester,Townhouse,4,3,107,88,172778,Judy Morris,39,Female
473,East Tamara,Townhouse,5,2,53,20,222947,Tiffany Mcclain,56,Female
474,Zunigaside,Apartment,5,2,77,89,271711,Thomas Daugherty,20,Male
475,New Christinaport,House,2,1,102,68,214963,Shawn Clark,38,Male
476,Sherriland,House,3,3,95,22,169487,Jake Walters,23,Female
477,Lake Ashleymouth,Townhouse,2,3,14,92,271297,Matthew Escobar,44,Female
478,South Steveburgh,Condo,3,3,91,63,78065,Courtney James,60,Male
479,Hillland,House,3,3,71,4,170376,Lisa Martinez,45,Female
480,Cannonfort,Apartment,2,2,119,39,279239,Jason Rogers,29,Male
481,New Alexa,Townhouse,4,1,93,90,236270,Frank Meyers,29,Male
482,Lake Christiebury,Apartment,4,2,95,57,250314,Melissa Reese,56,Female
483,West Meganport,House,2,2,126,71,178863,Jasmine Meyer,35,Female
484,Wellsville,Apartment,5,2,46,4,170116,Daniel Bailey,37,Male
485,Lake Heatherport,Townhouse,4,1,137,61,179100,Elizabeth Robinson,46,Female
486,West Christopher,Apartment,4,2,120,5,221202,Michael Smith,39,Female
487,Gutierrezstad,Apartment,2,1,123,68,181652,Justin Jones,40,Female
488,Lake David,Apartment,2,1,80,20,214706,Michelle Davis,39,Male
489,North Nicholas,Condo,4,3,75,59,240466,Wanda Rich,45,Male
490,West Dianeport,Townhouse,1,1,71,49,172682,Matthew Blair,40,Male
491,Mannshire,Condo,4,2,43,54,206169,Jonathan Thompson,48,Female
492,Port Anthony,Condo,4,1,61,54,227201,Alice Dawson,22,Male
493,Colemanfort,Townhouse,4,3,140,70,177874,Stephanie Mitchell,54,Female
494,Davidville,Townhouse,4,1,100,73,216235,Phillip Pacheco,53,Female
495,Philipfurt,Condo,2,1,111,24,154876,Kent Harris,51,Female
496,Robertbury,Apartment,3,3,69,28,183821,Victor Richard,45,Female
497,Paultown,Townhouse,5,1,69,94,133851,Valerie Johnson,45,Male
498,Acostaview,Condo,1,3,71,76,112409,Terrance Figueroa,31,Male
499,New Karenborough,Apartment,5,2,108,28,282082,Bobby Cooper,20,Male
500,West Michaelland,House,4,1,82,56,168297,Darius Bowers,56,Female
501,Williamsville,Condo,3,2,40,41,143178,Marc Cook,52,Female
502,North Cathyberg,Condo,4,3,70,46,176323,Troy Simmons,20,Female
503,Brianfurt,Townhouse,5,2,106,11,183881,Justin Brown,37,Male
504,Mariaburgh,Apartment,5,1,98,8,217467,Carrie Hernandez,27,Male
505,Maryview,Condo,3,3,102,19,142228,Summer Mills,36,Female
506,West Robertshire,House,5,1,137,66,248185,Michael Davis,54,Male
507,Grayhaven,Apartment,2,3,98,59,251638,Steven Ruiz,42,Male
508,West Hollyburgh,Apartment,3,3,75,69,138605,Harold Lucas,45,Male
509,New Josephbury,Townhouse,3,3,28,61,115728,Ashley Vasquez,38,Female
510,East Elizabeth,Condo,1,3,95,15,172352,David Webb,44,Female
511,Port Maria,Condo,2,2,74,88,127174,Patricia Mills,31,Female
512,Port Dustinstad,Condo,4,2,101,23,144179,Thomas Lopez,21,Male
513,South Sharon,Townhouse,2,2,87,76,182776,Michael Flores,41,Female
514,Bradytown,Condo,4,1,20,54,139425,Matthew Wilson,24,Female
515,Meganmouth,Condo,2,2,108,39,197105,Ian Johnson,28,Male
516,Elizabethfort,Apartment,4,3,52,73,193928,Jeffrey Golden,68,Female
517,Carrieshire,Condo,4,3,51,27,196720,Evan Davidson,69,Male
518,North Allen,Townhouse,2,2,114,42,206691,Mrs. Christine Waters,50,Female
519,West Rebekahport,Condo,1,2,73,86,181331,Mark Smith,20,Female
520,North James,House,1,1,26,28,289446,Diane Douglas,64,Female
521,Harrisonport,Apartment,4,1,35,57,165682,Tiffany Jones,53,Male
522,West Amanda,Apartment,2,3,76,74,233036,Matthew Scott,68,Female
523,Robinside,House,2,3,202,46,244125,Joshua Davila,31,Female
524,Murraystad,Apartment,2,3,108,31,191518,Shannon Coleman,28,Male
525,Robertsonberg,Townhouse,5,2,86,38,171156,Tina Leonard,45,Female
526,New Robert,Townhouse,2,2,129,68,61965,Alicia Evans,66,Female
527,Kristamouth,Townhouse,2,2,39,31,136345,Phillip Cummings,50,Male
528,South Katiefurt,Townhouse,1,1,110,16,146831,Jeffrey Chavez,69,Male
529,New Josephstad,Townhouse,5,2,62,29,218862,Laura Anderson,26,Female
530,South Pamfurt,House,1,2,74,91,188572,Shane Romero,48,Male
531,New James,Townhouse,3,1,105,17,258957,Melissa Knight,35,Female
532,South Richardshire,House,3,3,66,51,169633,Veronica Martinez,46,Female
533,Port Angela,Townhouse,3,1,82,85,255579,Ryan Wilson,42,Female
534,West Ann,Townhouse,5,1,109,100,297148,Julian Simmons,44,Female
535,East Paul,Townhouse,3,2,73,29,191862,Amanda Chavez,61,Female
536,Wheelerhaven,Townhouse,4,2,67,36,193876,Sandra Anderson,68,Male
537,Michaelbury,House,2,2,109,20,243309,Kristin Thompson,25,Male
538,Lake Joseph,House,5,3,113,44,222082,Denise Hunter,35,Male
539,Dudleyshire,Apartment,5,1,82,5,267140,Cody Miller,47,Female
540,Wendyland,Apartment,5,1,44,56,130700,Peter Garcia,67,Male
541,Lake Natashamouth,Apartment,1,1,28,28,169893,David Erickson,51,Male
542,Chrisberg,Condo,3,1,84,19,182486,Michael Baker,41,Male
543,West Christopher,Condo,4,3,61,8,222599,Mckenzie Church,52,Female
544,New Shannon,Townhouse,4,2,61,86,228646,Michael Nelson,21,Female
545,Laurenchester,Apartment,5,1,116,98,201931,Mary Walters,37,Female
546,North Joseph,Condo,3,2,94,9,306752,Angela Simmons,38,Female
547,Gaybury,Apartment,2,1,137,11,148095,Mark Phelps,61,Female
548,North Charlesmouth,Apartment,2,3,74,41,192855,Matthew Knapp,38,Male
549,Darinville,Apartment,1,2,61,82,184288,Jeremy Brennan,23,Female
550,North Jillside,House,3,3,122,1,261483,Cheryl Sanchez,45,Female
551,South Elizabeth,House,2,3,83,26,229765,Dennis Hanna,45,Female
552,Timothyfurt,Apartment,4,2,159,30,243781,Ethan Hartman,42,Female
553,North Joseport,Condo,2,1,107,1,202574,Susan Hamilton,62,Male
554,Davidtown,Townhouse,2,2,63,75,203204,Anthony Golden,65,Female
555,West Josephstad,House,4,2,118,35,185375,Sarah Harris,54,Female
556,Port Sherrychester,Apartment,3,3,116,70,221741,Carolyn Medina,64,Male
557,North Jameschester,Condo,1,2,89,95,229964,Jermaine Mitchell,37,Male
558,East Dianaton,Condo,5,3,85,53,185999,Jennifer Murray,47,Male
559,Patelland,Townhouse,3,1,141,58,198256,Christine Vaughn,26,Male
560,Nguyenberg,Apartment,4,1,150,94,228695,Isaac Waters,43,Male
561,West Rita,Townhouse,4,1,144,88,175057,Leslie Reyes,29,Male
562,Vaughnport,House,3,1,166,7,285257,George Hernandez,57,Male
563,Dixonshire,Townhouse,2,3,112,97,208839,Kevin Spence,22,Female
564,South Julia,Condo,2,2,129,10,240226,Joshua Ryan,36,Female
565,Schaeferview,House,5,2,117,89,255194,Lisa Johnson,53,Male
566,Hammondview,Townhouse,2,2,93,99,165579,Desiree Jones,36,Female
567,North Donaldchester,Condo,3,3,151,27,219619,Julie Perez,49,Male
568,West Ricardo,Townhouse,4,1,106,55,276960,Mr. Timothy Rios Jr.,42,Female
569,New Danielfurt,Condo,3,2,67,75,172858,Sarah Haynes,39,Female
570,West Amandabury,Condo,4,1,97,93,169698,Jennifer Williams,69,Male
571,North Erica,Condo,2,2,104,65,162750,Eric Keller,43,Female
572,Craighaven,House,3,2,73,45,233147,Stephanie Weeks,66,Female
573,Sandraburgh,Townhouse,3,1,84,76,303684,Joshua Strickland,39,Female
574,Maxwellfurt,Townhouse,5,3,114,94,88438,Russell Morris,32,Female
575,Fostermouth,Apartment,3,3,127,36,70576,Gregory Castillo,45,Female
576,Lake Toniton,Condo,4,1,61,44,199180,Tyrone Sullivan,70,Female
577,West Ann,Townhouse,3,2,78,73,180687,Maria Williams,65,Male
578,Jeanneland,Apartment,2,1,107,49,158403,Caitlin Parker,49,Male
579,East Kristen,Townhouse,4,2,142,34,92533,Dustin Johnson,41,Male
580,Kellyside,Townhouse,2,1,127,34,290650,Caitlin Gonzales,23,Female
581,Tonyaburgh,Condo,3,3,114,30,165603,Tony Morales,66,Male
582,Thomasview,Apartment,5,3,75,60,212844,Michael Hudson,66,Female
583,Kennedyfurt,Apartment,2,3,151,85,221894,Eric Stewart,60,Female
584,Jennifermouth,Apartment,4,3,66,78,175994,Laura Ramirez,22,Female
585,South Christopherchester,Apartment,4,1,52,43,157958,Robert Thompson,56,Male
586,East Heather,Condo,3,3,127,67,218337,Jacob Peters,27,Male
587,South Andrea,House,2,3,108,70,235826,Elizabeth Howe,30,Male
588,Adamchester,Townhouse,2,2,135,4,212043,Jeffrey Brooks,26,Male
589,West Arielmouth,Apartment,3,3,91,60,190235,Jerry Manning,34,Male
590,Jessicaville,Condo,1,1,58,32,214313,Leah Galloway,47,Female
591,Port Benjaminland,Townhouse,1,2,20,62,142295,Michael Irwin,20,Female
592,East Lisa,Apartment,2,1,134,97,173212,Ashley Cox,35,Female
593,Kevinberg,Townhouse,1,2,84,9,166107,Samantha Hernandez,35,Male
594,South Autumn,Condo,2,3,93,96,249965,Richard Davis,62,Female
595,East Kimberly,Apartment,3,1,98,36,258610,Kurt Parsons,40,Female
596,East Erin,Townhouse,1,1,110,39,155920,Kent Rogers,54,Female
597,Lindsaytown,Apartment,2,2,95,98,83609,Ashley Osborne,54,Female
598,Lake Gabrielle,Condo,5,2,51,42,284257,Sarah Sanders,51,Male
599,Lake Nicole,Townhouse,3,2,98,95,158853,Taylor Hanson,28,Female
600,Port Debra,Condo,5,3,135,13,173213,James Chavez,27,Female
601,North Donald,Townhouse,4,2,116,61,126219,Christina Moore,69,Female
602,East Anthonyville,Apartment,2,2,62,79,163705,Justin Shaw,63,Male
603,Andersonstad,Condo,4,2,123,92,201485,Melanie Graves,63,Male
604,North Jessica,Townhouse,4,3,145,92,229151,Ashley Brown,67,Male
605,New Angela,Townhouse,2,3,58,94,184649,Joseph Peters,54,Female
606,Port Ronald,Townhouse,2,3,101,34,248411,John Curry,23,Male
607,Bushmouth,House,1,3,76,50,201432,Linda Watts,62,Male
608,West Brett,Apartment,3,3,127,5,152973,Brandon Rodriguez,35,Female
609,Port Linda,Townhouse,3,2,134,67,218506,Ariana Hammond,30,Male
610,Maryport,Condo,1,3,94,12,157260,Zachary Cooper,56,Male
611,Leeton,Townhouse,2,1,104,81,171477,Kenneth Lopez,20,Male
612,East Adrianview,Townhouse,4,1,98,91,164896,Amanda Black,51,Male
613,Amymouth,Condo,1,2,121,48,161968,William Lewis,40,Female
614,Leeburgh,Townhouse,3,1,111,22,220381,Timothy Mosley,25,Female
615,West Morganton,Condo,3,3,51,8,150806,Kristen Mcdonald,52,Female
616,Butlerton,Apartment,1,3,94,25,232157,Joseph Foster,34,Male
617,Mezaton,House,5,3,122,2,199127,Sarah Rodriguez,42,Male
618,Lake James,Townhouse,1,2,145,83,218286,Alexandria Morgan,51,Male
619,Ellenberg,Apartment,1,2,67,68,107613,Phillip Elliott,53,Male
620,Lindaview,House,4,3,83,22,175631,Anthony Miller DDS,53,Male
621,Lake Kimberlymouth,Townhouse,4,1,141,55,208061,John Anderson,52,Female
622,North Troy,Townhouse,1,1,50,59,207120,Angela Ellis,57,Female
623,Angelahaven,House,4,2,141,20,129960,Ronnie Howard,63,Female
624,Lake Teresaburgh,Apartment,5,3,107,89,178897,Toni Miles,47,Male
625,West Ashley,Apartment,3,1,111,19,159271,Alexandria Black,57,Male
626,Tammyville,Apartment,3,2,80,27,224546,Kevin Perry,49,Female
627,Reedland,Apartment,5,2,76,28,113971,Lisa Gray DDS,31,Female
628,West Christopher,Condo,3,2,76,38,311056,Molly Mcmillan,67,Male
629,Port Tina,Condo,5,1,105,5,266700,Scott Rice,45,Female
630,Mauricechester,Apartment,3,1,62,64,243314,Julie Frederick,29,Female
631,Morganmouth,Townhouse,5,2,99,56,123516,Amber Ferguson,69,Male
632,North Mark,Apartment,2,1,83,5,161854,Joshua Williams,61,Female
633,Lake Morganville,House,5,3,76,16,209324,Allison Montgomery,70,Female
634,Sosachester,Condo,3,2,109,44,196994,Douglas Lam,59,Male
635,New Kellyside,Apartment,2,1,24,48,198090,Ashley Garza,59,Male
636,Marcusfurt,Condo,3,1,96,81,118992,Dennis Smith,48,Male
637,North Richard,Condo,4,1,141,15,226420,David Ho,61,Female
638,Port Randybury,Apartment,2,2,76,82,249557,Roberta Wright,42,Female
639,Lake Tammyport,Condo,5,2,66,1,215316,Steven Miller,61,Female
640,Janetville,Apartment,2,2,88,76,221678,Gregory Kelly,46,Female
641,South Jason,Condo,3,3,90,60,282517,Dawn Morgan,50,Male
642,Grayland,Condo,5,2,94,63,79538,Jacob Moore,33,Male
643,Douglasview,Condo,1,3,117,99,214972,Nathaniel Harper,58,Male
644,East Blake,House,5,3,87,73,176372,Keith Patrick,25,Male
645,Sarahfurt,Condo,2,2,69,46,218191,Briana Patterson,61,Male
646,Lake Peterchester,Townhouse,2,2,111,68,144891,Denise Wilson,48,Male
647,Brownland,House,4,3,111,6,226872,Allison Rogers,29,Male
648,Ferrellchester,Condo,1,2,205,4,224709,Tyler Graham,43,Male
649,East Carlosport,Apartment,3,3,60,66,188059,David Robinson,21,Male
650,Lake Sheilachester,Townhouse,4,1,96,40,258192,Daniel Bryant,35,Male
651,Randymouth,House,3,2,47,21,134579,Richard Durham,66,Male
652,East Meagan,Townhouse,2,2,108,35,171530,Daniel Porter,37,Male
653,Rebeccaberg,Apartment,2,3,113,62,220336,Jennifer Anderson,30,Female
654,Angelaview,Condo,3,2,68,7,154576,Ashley Henderson,65,Female
655,New Jayville,Condo,5,2,42,56,188208,Robert Davis,69,Male
656,East Jennifer,Townhouse,2,1,84,7,278735,William Gonzalez,28,Male
657,North Rebecca,House,3,2,88,51,190578,Amy Blake,63,Female
658,Michaelburgh,Condo,5,2,99,29,255371,John Rhodes,63,Female
659,Arnoldbury,House,4,3,85,64,145749,Maria Hall,50,Male
660,Anthonytown,Townhouse,1,2,112,62,196007,Traci Woodard,20,Female
661,Smithton,House,4,2,91,6,266842,Kelly Stone,42,Male
662,Jamesport,Townhouse,3,2,117,31,181442,Ian Underwood MD,66,Male
663,East Randy,Apartment,4,1,88,41,164521,Dawn Alexander,70,Male
664,New Loritown,Townhouse,4,1,93,53,182365,Alexander Owens,39,Male
665,Santiagostad,Townhouse,3,1,150,48,238766,David Robinson,29,Female
666,North Dianemouth,Townhouse,2,2,91,26,185068,Maria Clark,37,Male
667,Nicholefort,Apartment,5,2,126,76,184873,Stephanie Harris,53,Male
668,Nelsonland,Apartment,1,1,164,29,165370,Sydney Gonzalez,55,Female
669,West Williamfurt,Apartment,2,2,69,7,166856,William Freeman,63,Female
670,South Kevinland,House,1,3,114,24,242105,Dana Welch,44,Female
671,South Brandon,Apartment,5,2,119,71,225731,Jeremy Jacobson,45,Female
672,Williamsland,Apartment,1,3,129,43,155317,Phillip White,62,Male
673,Ramosfurt,Townhouse,1,3,66,66,138903,Mr. Darrell Murray,39,Male
674,West Barbaraton,Townhouse,5,3,78,68,208836,Mike Bennett,44,Male
675,East Larry,Apartment,3,1,70,41,108857,Carlos Wood,70,Female
676,East Jay,Townhouse,2,2,82,81,114650,Hannah Waters,65,Female
677,Carolynborough,Condo,4,3,117,61,210106,Katherine Acosta,49,Male
678,Duranland,Condo,3,3,30,85,229245,William Turner,24,Male
679,Stephenfurt,Apartment,3,2,77,30,139209,Tara Haas,48,Male
680,South Nicholasville,Townhouse,4,3,87,79,191662,Dwayne Pruitt,46,Male
681,Lake Alyssa,Apartment,4,3,83,57,166746,Lisa Wiley,55,Male
682,New Jasmine,Townhouse,4,1,99,85,161610,Casey Wilson,24,Female
683,Lake Jonathanstad,Townhouse,1,2,49,41,166474,Jean Wagner,69,Female
684,Port Annatown,Townhouse,3,2,83,23,219474,Edward Turner,47,Female
685,Jodymouth,Townhouse,2,3,62,29,225000,Tammy Harper,68,Male
686,West Bernardbury,House,4,2,72,28,207667,Mr. Randall Torres,52,Female
687,South Moniquefort,Townhouse,5,3,122,44,147398,Dr. Katie Wall,59,Male
688,New Richardberg,House,5,2,97,17,146876,Cody Moore,66,Female
689,Hernandezstad,Apartment,1,3,79,13,111902,Amanda Brown,45,Female
690,Sosamouth,House,2,3,109,52,225153,Amy Rodriguez,23,Female
691,Port Eric,Townhouse,4,3,107,48,169103,Tonya Martin,34,Male
692,Port Williamchester,Condo,1,1,57,79,239787,Bernard Riddle,60,Female
693,Lake Brendaburgh,House,5,2,156,84,242011,Kathleen Chandler,35,Female
694,New Nicole,Townhouse,5,2,87,24,199740,Emily Kaiser,24,Male
695,West Lucasfurt,Condo,4,2,92,97,319447,Kendra Schultz,35,Male
696,Lake Jeanfort,House,3,2,104,85,226103,Lisa Martin,48,Female
697,West Philipbury,Apartment,5,1,67,43,167677,Mary Nichols,60,Female
698,West Andrew,House,5,3,102,45,270291,Emma David,69,Male
699,Tammyland,Townhouse,1,1,114,68,143261,Jennifer Clay,52,Female
700,Padillaberg,Apartment,4,3,77,46,114803,Jennifer Horn,28,Male
701,Fischerfurt,House,2,1,92,12,227545,David Herman,28,Male
702,Moorefort,Townhouse,4,3,93,71,157504,Damon Davidson,55,Female
703,Lake Christinemouth,House,4,3,149,17,140811,Lauren Berger DDS,24,Female
704,Scotttown,House,3,3,64,33,232561,Cindy West,37,Female
705,Port Michael,Apartment,3,2,112,72,302745,Kelly Shaffer DDS,22,Female
706,North Marioton,Apartment,5,2,84,71,178474,Melissa Daniel,44,Female
707,South Williamborough,Apartment,1,2,149,42,212013,Linda Chan,36,Male
708,South Sarah,Condo,2,3,90,84,155302,Peggy Williams,25,Male
709,North Christinefort,Apartment,5,1,73,12,156824,Sarah Powell,41,Female
710,New Wanda,Apartment,4,2,101,68,90617,Stephanie Williams,30,Female
711,New Shannon,House,3,2,88,32,51717,Roy Flores,42,Male
712,Lisaport,Apartment,4,1,87,25,278639,Troy Guerrero,35,Female
713,West Sheila,Apartment,5,1,126,11,163087,Victoria Joseph,38,Female
714,Port Alexandriaborough,Apartment,1,1,61,58,230580,Brett Ponce,44,Male
715,Lake Christopher,Townhouse,4,3,108,17,105060,Felicia Gibson,60,Female
716,New Laurafort,House,3,2,159,13,252732,Heidi Parker,58,Male
717,North Ronald,Townhouse,1,3,93,93,201009,Joseph Barnett,23,Male
718,South Gabriel,Townhouse,4,1,101,12,259363,Jeremy Hernandez,56,Male
719,Williambury,Condo,2,2,102,53,314992,Antonio Fleming,22,Female
720,East Keithmouth,Townhouse,3,3,73,17,178523,Matthew Norman,36,Male
721,Robertsberg,House,3,2,109,95,236497,Brianna Jones,32,Male
722,West Vincentfurt,Townhouse,3,1,125,89,165213,James Chen,24,Male
723,Ruizmouth,Townhouse,4,3,106,74,202514,Kyle Haas,37,Female
724,Atkinsonville,Condo,3,3,149,86,119761,Mrs. Rachel Thompson,70,Female
725,Port Alyssachester,Apartment,1,1,64,50,142737,Thomas Evans,67,Male
726,Choifort,Apartment,5,3,79,56,308904,Mark Estrada,58,Female
727,Wendyside,Townhouse,1,1,97,48,225474,Caitlin Brown,60,Male
728,Williambury,Apartment,1,1,107,85,139260,David Stewart,60,Female
729,Lake Caroline,Apartment,1,2,118,33,144086,Terry Hale,40,Male
730,Lake Ryan,House,1,2,126,64,172877,Grace Stanton,29,Female
731,Moraleston,Condo,1,1,74,98,205872,Robin Cooper,46,Female
732,New Ryanbury,Apartment,3,3,36,62,163367,Maureen Hull,46,Male
733,East Tracy,Condo,5,1,107,16,191252,Christopher Mccarthy,69,Female
734,Sarafort,Condo,5,2,94,22,184920,Summer Palmer,44,Male
735,South Douglas,Townhouse,1,2,116,1,147754,Anthony Wright,49,Male
736,Justinport,House,3,2,111,6,138146,Albert Williams,39,Female
737,North Robin,Townhouse,3,2,12,84,199207,Karina Fox,37,Female
738,Myersville,House,3,3,67,85,185039,Mrs. Laurie Thompson MD,61,Male
739,Chadland,Townhouse,5,2,152,87,287321,Ashley Garrett,67,Female
740,West Larry,Townhouse,3,1,118,57,183307,Christine Petty,65,Female
741,New Mary,Townhouse,1,1,82,18,222629,Raymond Hernandez,62,Male
742,Jeremyfurt,House,2,2,165,50,287292,Elizabeth Hester,68,Male
743,New Anthony,Condo,5,2,191,59,194586,Robert Chavez,40,Female
744,West Samueltown,Townhouse,2,1,40,60,285047,Molly Benjamin,38,Female
745,North Erikfort,Apartment,1,2,99,84,152552,Sarah Harrison,41,Male
746,Edwardsmouth,Condo,2,3,92,1,152596,John Taylor,46,Male
747,East Jennifermouth,House,4,3,110,47,106474,Diane Burke,48,Female
748,Hannahmouth,Apartment,3,3,129,89,151348,Tracy Meyers,34,Male
749,East Suemouth,Apartment,5,1,87,13,125297,Laura Castillo,38,Male
750,West Andrewchester,Townhouse,3,1,89,96,175657,Thomas Ramirez,31,Female
751,North William,House,3,3,82,56,164061,Joshua Matthews,51,Male
752,Alexandriaville,Apartment,5,1,103,72,201349,Shannon Moore,38,Male
753,North Karenville,House,5,1,115,5,258336,Elizabeth Jones,39,Male
754,Garrettborough,Condo,3,2,111,34,216249,William Burgess,24,Male
755,Port Andrewton,Townhouse,2,1,76,44,219968,Eric Hess,38,Male
756,West Ashleyshire,Condo,1,1,74,10,293561,Alex Watson,67,Male
757,Lake Matthew,House,5,1,113,84,203598,Charlene Bush,62,Female
758,Jenniferview,House,2,2,92,7,105083,Jerry Smith,26,Female
759,Walshport,House,5,1,123,9,236759,Sharon Flores,61,Female
760,Rebeccaport,Townhouse,2,2,103,57,186602,Chase Moore,32,Male
761,New Teresa,Townhouse,3,2,67,36,145002,Mary Castillo,63,Female
762,West Michael,Condo,4,2,21,39,183391,Vanessa Bailey,39,Male
763,Lake Jamesfurt,House,5,3,92,50,247102,Christopher Durham,52,Female
764,New Kelly,Condo,4,1,79,33,225564,Harold Cole,66,Female
765,Roseton,Townhouse,5,1,125,49,175426,William Bond,35,Male
766,Rossfurt,House,3,1,114,80,215067,Timothy Garcia,20,Female
767,West Leah,Condo,5,3,89,56,113208,Daniel Huber,48,Female
768,Michelletown,Townhouse,5,1,81,42,203290,Joseph Owens,21,Female
769,Lake David,Apartment,4,2,89,61,164379,Karen Cox,30,Female
770,New Phyllis,Townhouse,4,2,113,60,329498,Suzanne Good,43,Female
771,Karenport,Apartment,3,3,146,85,204609,Lisa Sanchez,64,Female
772,Simpsontown,Condo,4,3,70,45,185825,Jacob Snow,52,Male
773,Garciafurt,Apartment,4,2,61,43,161585,Jose Wilson,70,Female
774,East Thomas,House,5,3,74,74,130675,Alexander Leonard,25,Male
775,Lake Richardtown,Apartment,3,3,86,4,263280,Brittany Parsons,65,Female
776,Boonebury,Townhouse,1,2,87,50,161541,Beth Mcdonald,56,Female
777,East Clintonburgh,Apartment,1,1,129,15,227368,Nathan Butler,38,Female
778,Webbburgh,Townhouse,5,3,102,48,244874,Allen Edwards,67,Female
779,New Destinyside,House,5,1,103,80,220321,Jason Williamson,51,Male
780,Richardsonport,Apartment,4,3,86,88,216178,Danielle Thompson,48,Male
781,New Coreyfort,Townhouse,1,2,117,29,227781,Brenda Smith,39,Male
782,Rodgersmouth,Condo,1,2,105,42,245634,Gina Saunders,24,Male
783,Crosbytown,Townhouse,4,3,104,65,298580,Dawn Williams,53,Female
784,Charlesland,Townhouse,2,3,91,8,134579,Kristin Hancock,21,Male
785,Jonesmouth,Townhouse,2,1,94,20,177393,Danny Mendoza MD,23,Female
786,Luismouth,House,4,1,104,40,159702,Austin Delgado,62,Female
787,Lake Hector,Apartment,2,2,78,99,194897,Christopher Vance,63,Male
788,Lake Andrewbury,Townhouse,4,3,109,41,271063,Joshua Reid,50,Male
789,New Patriciaton,Apartment,2,2,119,30,224157,Trevor Greene,45,Female
790,Vasquezmouth,House,4,1,102,68,185726,Alexander Moss,47,Male
791,Lake Ann,Townhouse,4,2,90,86,139181,Justin Green,51,Male
792,North Jamie,Townhouse,5,3,77,95,165688,Ms. Olivia Williams,33,Male
793,Martinville,Townhouse,5,3,166,89,171475,James Rose,56,Male
794,Lake Katelynfort,Apartment,3,2,115,39,232714,Nicholas Carpenter,32,Male
795,East Williamchester,Condo,4,1,93,3,191708,Marc Hayes,22,Male
796,Jacksonfurt,Townhouse,2,2,126,20,212836,Rebecca Smith,51,Male
797,West Vanessa,Condo,4,2,62,22,216200,Charles Curry,28,Female
798,Lake Aprilshire,House,1,2,130,80,235644,Andre Sullivan,20,Female
799,Toddview,Condo,3,3,121,13,138283,Jennifer Martinez,58,Male
800,Elizabethbury,Condo,4,3,80,67,239678,Victor Williams,44,Male
801,East Anneburgh,Condo,3,2,115,35,165155,Robin Hobbs,55,Male
802,New John,Townhouse,2,2,90,89,186352,James Murphy,41,Female
803,Batesfurt,Condo,3,2,77,48,202267,Jason Jackson,42,Female
804,Port Meredithton,Townhouse,4,3,112,5,163486,Larry Bell,67,Female
805,South Charles,Condo,5,1,91,98,164045,Douglas Davis,27,Male
806,New Catherine,House,1,2,112,1,204107,Susan Harrell,40,Female
807,West Melissaport,Townhouse,2,3,109,88,196406,Sherry Thomas,46,Male
808,Michelleside,Townhouse,2,1,93,52,120034,Lori Martinez,50,Female
809,Davisville,Townhouse,2,1,143,24,58833,Kevin Murphy,22,Male
810,New David,Apartment,3,2,124,80,82945,William Figueroa,65,Male
811,Johnview,Apartment,2,2,100,10,182967,Veronica Spencer,54,Female
812,West Shane,Apartment,4,3,115,52,300797,John Charles,24,Female
813,Wolfeberg,Townhouse,3,3,79,77,113182,Daniel Williams,21,Male
814,Dylantown,Apartment,3,2,91,64,228549,Robert Guzman,55,Female
815,West Kyleshire,Condo,4,1,91,83,153372,Sandra Yates,23,Female
816,North Reneefort,House,1,2,119,8,208702,Bill Chang,24,Female
817,West Carol,Condo,1,2,115,22,196503,Janice Russell,48,Male
818,Gravesfort,Townhouse,5,3,98,30,136356,John Serrano,32,Male
819,Ericaborough,Condo,1,3,93,4,221970,Alan Nielsen,25,Male
820,East Andrew,House,5,2,103,50,261665,Jennifer Lawson,22,Female
821,East Gerald,House,4,1,110,77,174515,Regina Strickland,67,Male
822,Melaniechester,Condo,3,2,130,74,156189,Ann Huang,51,Female
823,Jorgemouth,Condo,1,3,90,35,208697,Wesley Melton,64,Female
824,South Diana,House,1,3,78,89,359827,Joseph Horne,54,Male
825,Hernandezview,Condo,3,3,139,33,218216,Christine Fernandez,30,Female
826,Patriciachester,Apartment,1,2,95,79,184266,Mia Anderson,44,Male
827,East Jeffreyton,House,1,3,44,68,209005,Richard White,29,Male
828,Robertsonhaven,Condo,2,2,84,51,194464,Gabriel Wilson,60,Female
829,New Jessica,Apartment,2,2,73,90,225531,Cheryl Smith,32,Female
830,East Josestad,Townhouse,1,3,47,77,270010,Debra Murphy,57,Male
831,Kristenton,Townhouse,3,3,73,94,331886,Stephanie Meza,65,Male
832,Harringtonland,Apartment,4,1,148,36,177797,Tammie Thompson,57,Female
833,Port Christopher,House,1,2,129,40,175308,Tamara Scott,60,Male
834,West Zachary,House,2,2,65,56,211548,Ricardo White,31,Female
835,West Jeremy,Condo,3,1,64,69,199710,Matthew Jones,20,Female
836,Morastad,Townhouse,3,2,81,26,160426,Lisa Williams,39,Female
837,North Catherinemouth,House,2,3,90,97,123776,Troy Tucker,20,Male
838,Sarafurt,Apartment,5,2,-21,28,166024,Kathleen Brown DVM,40,Male
839,Lake Christopherhaven,Condo,3,3,93,76,180732,Anna Allison,22,Female
840,West Davidbury,Apartment,5,2,87,6,146995,Paul Cross,37,Male
841,North Gregory,Apartment,3,3,137,45,195835,Lori Lyons,39,Male
842,South Nancyburgh,House,5,3,118,77,172443,Lindsay Roberts,48,Male
843,Haleville,House,4,3,141,64,165741,Michael Richmond,40,Female
844,North Matthew,Apartment,3,3,77,57,278544,Frank Smith,55,Male
845,Port Elizabethland,House,1,1,83,84,203725,Richard Wright,27,Male
846,Colemanside,Condo,3,2,151,38,166556,Joyce Jenkins,45,Female
847,Williamsland,Townhouse,5,1,81,3,133460,David Campbell,67,Female
848,New Ethan,Condo,4,3,78,97,144692,Susan Smith,48,Male
849,New Katrinaview,Townhouse,3,1,61,26,254974,Todd Johnson,20,Female
850,Lake Kathy,Condo,5,1,139,57,271443,Sydney Garcia,60,Female
851,Alisonhaven,House,3,3,89,73,209038,Diana Taylor,54,Female
852,Port Samuel,Condo,4,1,102,65,256462,Tracy Hansen,22,Male
853,East Scottfort,Apartment,1,1,76,80,264493,Daisy Garcia,28,Male
854,Lake Brittneystad,House,1,3,78,40,256955,Amy Estes,38,Male
855,Schmittbury,Apartment,3,3,113,23,249805,James Stone,38,Female
856,Herrerafort,Townhouse,5,1,141,39,210207,John Wilson,29,Male
857,Acostahaven,Townhouse,4,2,86,25,212820,Kristi Berry,52,Female
858,Johnsonborough,Apartment,5,3,64,50,189098,Teresa Drake,43,Female
859,South Amberfort,Apartment,2,2,144,6,157444,Darrell Mitchell,50,Female
860,Kevinport,House,5,1,95,33,230481,Nancy Cunningham,64,Female
861,Murphymouth,Apartment,2,3,56,92,222229,Nicole Cox,53,Male
862,Michaelborough,Apartment,4,1,140,93,370057,Catherine Holt,39,Male
863,Port Nicole,Apartment,3,2,42,38,171083,Brandi Freeman,45,Male
864,Port Cynthiaburgh,Apartment,2,1,100,78,200067,Richard Hicks,33,Male
865,New Leslieton,Condo,1,1,87,21,250339,Theodore Johnson,60,Female
866,South Brandi,Townhouse,4,1,112,68,276614,John Cruz,58,Female
867,Greenburgh,Apartment,4,3,83,77,129769,Philip Hubbard DVM,40,Male
868,Lawrenceside,Apartment,1,3,121,5,258400,Joshua Martinez,57,Female
869,Masonchester,Apartment,2,3,112,98,263436,Anne Bennett,42,Male
870,Kanefurt,Condo,3,2,84,1,208698,Clifford Sweeney,54,Female
871,Sherriborough,Condo,3,1,77,31,138938,Pamela Gonzalez,22,Female
872,Port Sarahburgh,Apartment,5,1,78,57,209933,Jamie Cunningham,42,Male
873,East Shelia,Townhouse,4,3,139,22,279638,Casey Stevens,59,Female
874,Carlland,Condo,4,3,84,3,220406,Rhonda Morgan,68,Male
875,Port Kelly,House,5,3,82,79,270070,Shannon Campbell,22,Male
876,Andrewsport,House,5,1,69,4,198969,Erin Howard,69,Male
877,Port Sarahland,Condo,3,2,39,85,218624,Allison Brooks,42,Male
878,Moorebury,House,1,1,79,47,233700,Jared Osborn,22,Female
879,West Frederick,House,3,2,95,85,195514,Wendy Davis,31,Female
880,Watsonberg,Condo,2,3,101,62,223710,Denise Austin,40,Female
881,Carrollville,Condo,1,1,122,33,67722,Elizabeth Ayers,35,Male
882,Lake Steven,House,2,2,94,98,213575,Kerry Sandoval,53,Female
883,West Wendy,House,5,1,18,100,198416,Elizabeth Kim,38,Male
884,Port Andreaport,Condo,2,1,117,44,285576,Kaitlyn Neal,32,Male
885,Owenshire,Condo,2,1,94,31,128302,Hannah Smith,55,Female
886,West Jessica,Condo,5,2,122,88,175691,William Gomez,65,Male
887,Port Jamesfort,Townhouse,4,3,84,56,182690,John Gilbert,49,Female
888,Port Danielleville,Condo,4,1,132,41,167853,Jeanette Bennett,31,Male
889,Carrolltown,House,4,2,124,28,262981,Danielle Bryant,36,Male
890,Russellhaven,Apartment,4,2,110,42,248798,Leslie Oconnor,51,Female
891,North Nicole,Townhouse,4,2,157,57,162003,Christopher Garcia,23,Male
892,Millerhaven,Townhouse,1,2,44,61,143288,Richard Scott,39,Male
893,Ianside,Apartment,4,2,79,84,185830,Jessica Gardner,28,Male
894,Carpentershire,Condo,2,2,160,20,215771,Victoria Moses,49,Female
895,Lake Mikeborough,Townhouse,3,3,104,37,159273,John Barnes,69,Female
896,West Stephen,House,1,1,85,4,241850,Anthony Pollard,56,Female
897,Williamsborough,Townhouse,5,1,94,98,210734,Nicole Reese,20,Male
898,Brownport,Condo,1,3,124,78,71905,Christopher Martinez Jr.,54,Female
899,Port Stephen,Townhouse,2,3,133,66,220419,Jennifer Jackson,33,Male
900,Martinezstad,Townhouse,2,3,92,92,180488,Tyler Smith,54,Male
901,Harrisport,Condo,4,3,48,86,112664,Tyler Gonzalez MD,31,Male
902,Joseshire,Apartment,1,2,133,14,128626,Andrea Reynolds,37,Male
903,Katrinaside,House,2,1,25,1,169130,Richard Hill,53,Male
904,Ramirezview,Condo,2,3,110,92,229673,Sherry Hebert,24,Female
905,New Darrell,Condo,4,1,97,60,229478,Kevin Mckee,42,Female
906,North Jonathonberg,Condo,4,2,142,27,216244,Nancy Moore,44,Male
907,South Sarah,Condo,4,1,101,21,193653,James Sanders,40,Female
908,South Theresa,Apartment,3,1,124,35,173308,Vanessa Anderson,46,Male
909,North Jordanfurt,Apartment,5,3,128,30,205626,Lisa Owens,44,Female
910,Berryfort,Condo,3,2,66,86,228482,Chad Sosa,56,Female
911,West Morgan,Apartment,2,1,101,31,140659,Mckenzie Beltran,33,Male
912,Gayland,Apartment,5,2,146,24,263326,Allison George,42,Male
913,New Maureenside,Townhouse,4,2,81,42,178944,Andrew Sharp,60,Male
914,Clarkburgh,House,2,1,87,72,162314,James Horne,23,Female
915,West Nicole,Condo,3,3,126,62,85899,Daniel Ward,66,Male
916,Port Trevor,Townhouse,5,2,88,46,229848,Shawn Coleman,46,Female
917,East Dana,Apartment,2,1,87,45,188900,Daniel Mcneil,56,Female
918,Whitestad,Apartment,1,2,96,90,98444,Madison Wyatt,66,Male
919,East Sharontown,Apartment,4,1,63,56,200364,Gregory Ward,48,Female
920,Adamtown,Townhouse,4,3,66,81,251229,Diane Grimes,48,Male
921,East Christophermouth,House,2,1,124,49,182818,Amanda Green,70,Female
922,Port Michaelburgh,Apartment,1,2,31,9,245133,Christopher Smith,27,Female
923,Lake Colleen,Apartment,5,1,128,49,223578,Thomas Mays,61,Male
924,South Marilyn,House,4,2,141,94,177533,Michael Harrison,42,Female
925,South Kevin,Apartment,4,3,123,71,155287,Joy Moore,63,Male
926,North Jason,Apartment,4,2,143,64,257757,Charlotte Kirby,58,Female
927,Alvaradoton,House,2,2,138,61,222374,Brandi Rhodes,57,Female
928,Debraton,Townhouse,3,2,74,78,175148,Jacqueline Myers,62,Female
929,West Markstad,Townhouse,2,2,119,68,185063,Lauren Drake,44,Male
930,North Sarah,Townhouse,3,1,75,31,151014,Patrick Richardson,68,Female
931,West Jennifer,Townhouse,4,2,121,100,134995,Joe Bradford,55,Male
932,South Natalieshire,House,1,2,75,72,198948,John Stephens,44,Female
933,Clarkeshire,Townhouse,3,3,149,53,229976,Michael Anderson,65,Female
934,Tuckerborough,House,2,2,81,36,284793,Samuel Turner,32,Male
935,East Danielbury,Townhouse,2,1,131,50,197345,Meagan Boyd,58,Male
936,Parkermouth,Apartment,3,2,128,40,160922,Michelle Ramirez,59,Female
937,Perryborough,Apartment,1,1,70,17,60267,James Conway,33,Male
938,Tranton,House,5,1,74,90,167376,Danielle Cruz,53,Female
939,North Jon,Condo,3,2,46,42,261857,Elizabeth Ibarra,32,Male
940,Mooreview,House,2,1,61,12,246448,Alex Reynolds,40,Male
941,Sarahstad,Condo,4,2,106,51,135886,Marc Martinez,22,Male
942,West David,Apartment,4,2,116,50,178068,Sharon Johnston,28,Male
943,South Eric,House,1,2,85,90,147916,Aaron Allen,24,Male
944,North Troymouth,House,1,3,66,52,227231,Ryan Cline,33,Male
945,West Justin,Townhouse,5,2,130,19,255300,Bradley Russo,69,Male
946,Eileenland,Apartment,2,1,104,91,150605,Crystal Long,64,Female
947,Nealmouth,Apartment,2,3,127,89,178681,Megan Evans,44,Female
948,Lake Zachary,Townhouse,1,3,123,22,118810,Rachel Pugh,48,Female
949,North Ryanville,House,1,1,113,54,178704,Rebecca Hayes,42,Male
950,North Donaldshire,Townhouse,4,3,108,71,223353,Anna Mercado,29,Male
951,Lake Brandy,Condo,4,2,87,21,227472,Frank Clark,50,Female
952,Carrollbury,Townhouse,2,1,93,79,239952,Christina Harris,61,Female
953,Port Kurtberg,Apartment,1,3,65,98,178874,Megan White,27,Female
954,Lambertside,Townhouse,5,2,121,96,184863,Kristopher Ortiz DVM,66,Male
955,North Debrastad,Townhouse,2,1,149,41,198367,Angela Thomas,24,Male
956,Felicialand,House,4,2,166,25,213808,Desiree Townsend,21,Female
957,Amymouth,Townhouse,4,2,82,68,163616,Rebecca Fuentes,40,Male
958,Calebview,House,3,1,68,75,117849,Richard York,31,Male
959,Port Samuelburgh,Condo,2,3,123,16,220284,James Hamilton,38,Female
960,Port Alexismouth,Townhouse,1,2,118,91,213451,Michelle Elliott,58,Female
961,New Kylebury,Condo,4,3,130,97,198509,Dr. Mark Cherry,48,Female
962,Port Aaron,House,1,1,50,19,191423,Thomas Johnston,25,Male
963,Wilsontown,Townhouse,4,3,105,1,218464,Brenda Perez,56,Male
964,West Kevinshire,House,4,1,93,79,325098,Kristi Briggs,52,Male
965,South Trevorton,Townhouse,5,1,96,29,192951,Brian Martin,21,Female
966,Haroldhaven,House,5,1,91,57,153294,Helen Conway,65,Female
967,East Keith,House,4,3,52,30,228485,Brandi Grant,62,Male
968,Jamiechester,Apartment,4,2,94,53,149617,Timothy Chapman,69,Male
969,West Kendra,Condo,1,1,144,36,211985,Kelly Wilson,47,Male
970,Blairville,Condo,5,3,107,95,212872,Sherry Shaffer,50,Female
971,Port Rebeccabury,Townhouse,3,3,113,85,156096,Joshua Garcia,21,Male
972,East Jessica,Apartment,2,1,91,62,215751,Elizabeth Walker,39,Female
973,Elaineshire,Apartment,2,1,136,32,127752,Lisa May,25,Male
974,Alexandraburgh,Apartment,4,1,106,85,211156,Gregory Brown,27,Male
975,Brookschester,Townhouse,3,2,120,46,140220,Alec Brown,42,Female
976,Longshire,House,5,1,82,81,220866,Tyler Miles,53,Male
977,New Melissamouth,Condo,3,1,60,29,193667,Timothy Carrillo,27,Female
978,Davidhaven,House,1,3,32,57,174700,Jason Barnes,53,Female
979,Cisnerosborough,Condo,3,3,59,66,246243,Paul Johnson,60,Male
980,Lake Valerie,Apartment,3,1,113,100,218111,Anthony Stewart,65,Male
981,Port Jennifer,Townhouse,1,1,67,6,117288,James Owens,21,Female
982,Thomasfort,Townhouse,1,3,131,44,206787,Cassandra Hess,54,Male
983,Port Jeremiah,Condo,4,2,38,81,285692,Anthony Burton,45,Female
984,South Jasmineview,Condo,4,1,62,64,185714,Brenda Jones,28,Male
985,Hayesmouth,House,4,2,35,46,293209,Nicole Brown,69,Female
986,Wilsonberg,Apartment,5,1,120,26,185360,Elaine Robinson,59,Male
987,Port Joan,Townhouse,1,2,87,97,150584,Cathy Williams,23,Male
988,Huangchester,House,3,2,121,82,188081,Dawn Collins,34,Female
989,Toddville,Townhouse,3,2,59,14,254943,Jerry Ramirez,66,Female
990,Port Tyler,Condo,4,2,133,42,320207,Jonathan Carter,63,Male
991,Theresaside,Apartment,2,2,108,2,194100,Heather Johnson,47,Female
992,Fernandezberg,House,3,1,118,6,141640,Stacy Norman,25,Male
993,Davisport,Condo,1,1,84,3,264936,Jordan Dickson,32,Female
994,New Joel,House,3,1,65,52,199752,Angela Smith,28,Female
995,Armstronghaven,Apartment,2,2,95,22,169370,Charlotte Vega,36,Female
996,South Alicia,Condo,3,2,103,21,201990,Abigail Salazar,59,Female
997,Webstershire,Condo,2,1,77,11,128113,Kelly Hernandez,38,Male
998,North Rhonda,Apartment,4,2,72,34,248974,Kevin Simmons,57,Male
999,West Dianaton,Townhouse,4,2,167,37,276438,Andrea Peterson,34,Female
1000,West Christineton,Apartment,3,1,117,16,191638,Jacob Sparks,28,Male
