UserID,Age,Gender,Country,SubscriptionDuration,PreferredGenre,AvgWatchTime,NumMoviesWatched,NumSeriesWatched,PreferredTime,Rating
1,49,Female,San Marino,53,Drama,56,46,12,Night,3.7
2,27,Male,United States of America,2,Drama,167,53,12,Afternoon,1.2
3,54,Female,Dominican Republic,58,Action,146,56,3,Morning,4.4
4,35,Female,Guadeloupe,34,Action,170,48,14,Night,5.0
5,24,Female,Jamaica,16,Comedy,205,42,12,Evening,2.4
6,21,Male,Saint Barthelemy,17,Drama,187,40,15,Afternoon,2.3
7,19,Male,Eritrea,44,Horror,111,40,7,Evening,4.1
8,27,Male,Guatemala,12,Drama,123,33,12,Afternoon,1.5
9,33,Female,British Virgin Islands,28,Comedy,122,46,12,Morning,4.1
10,58,Male,Greenland,31,Horror,77,44,13,Evening,1.0
11,50,Female,Kazakhstan,53,Action,89,59,5,Morning,4.5
12,70,Female,Mozambique,59,Horror,170,62,17,Afternoon,3.0
13,70,Male,Burundi,56,Comedy,221,53,7,Afternoon,3.8
14,36,Female,French Polynesia,21,Drama,166,45,10,Afternoon,4.3
15,34,Female,Vanuatu,23,Horror,146,60,15,Afternoon,4.9
16,42,Female,Liberia,44,Drama,8,54,4,Evening,1.8
17,60,Male,Cook Islands,48,Drama,229,52,11,Evening,3.8
18,49,Female,Vanuatu,11,Romance,46,55,8,Afternoon,4.0
19,45,Male,Belize,34,Horror,150,42,11,Evening,2.8
20,27,Male,Anguilla,22,Drama,158,40,10,Night,3.0
21,40,Female,Saint Vincent and the Grenadines,56,Romance,60,58,11,Evening,4.8
22,31,Male,French Southern Territories,46,Horror,53,55,8,Evening,3.3
23,70,Female,Jersey,24,Action,-84,40,15,Afternoon,3.1
24,20,Female,Bangladesh,21,Drama,136,50,13,Evening,3.1
25,58,Female,Armenia,51,Drama,68,53,10,Morning,4.8
26,68,Female,Singapore,56,Horror,95,34,10,Afternoon,2.4
27,64,Female,Greece,1,Comedy,89,49,10,Afternoon,4.5
28,15,Male,Oman,31,Drama,35,48,14,Night,3.0
29,64,Female,Greece,10,Comedy,107,54,20,Night,4.2
30,44,Female,Algeria,29,Horror,137,49,10,Evening,3.2
31,27,Male,Cook Islands,53,Horror,157,45,10,Evening,1.1
32,33,Female,Northern Mariana Islands,32,Romance,73,55,11,Evening,4.9
33,29,Male,France,52,Comedy,118,39,8,Night,4.6
34,67,Female,Luxembourg,28,Horror,187,56,9,Afternoon,4.4
35,66,Male,Vietnam,37,Romance,120,46,8,Night,3.1
36,27,Male,El Salvador,41,Romance,85,41,10,Night,3.3
37,19,Female,Isle of Man,59,Horror,204,50,8,Night,2.2
38,41,Male,Vietnam,38,Romance,4,47,6,Evening,3.9
39,34,Male,Costa Rica,20,Drama,221,48,4,Night,4.1
40,23,Male,Solomon Islands,52,Romance,85,64,12,Evening,3.0
41,58,Male,Maldives,48,Romance,85,48,10,Night,4.3
42,49,Female,Swaziland,24,Action,145,42,12,Evening,2.9
43,23,Female,Myanmar,33,Action,130,50,9,Morning,3.1
44,68,Male,Cuba,38,Horror,208,54,17,Morning,3.3
45,39,Male,Niue,23,Horror,-5,46,15,Evening,2.6
46,44,Female,Bahamas,43,Comedy,228,62,11,Evening,2.9
47,61,Female,United Arab Emirates,34,Horror,145,54,8,Afternoon,4.9
48,40,Male,Andorra,37,Drama,191,34,9,Night,1.5
49,48,Male,Netherlands,25,Comedy,119,53,15,Afternoon,2.8
50,27,Male,Slovenia,13,Drama,125,58,9,Evening,4.4
51,16,Male,Tokelau,26,Drama,159,41,11,Evening,1.8
52,52,Female,Singapore,10,Drama,91,47,14,Night,2.2
53,43,Female,Guatemala,11,Comedy,165,49,11,Night,2.3
54,50,Female,Brunei Darussalam,16,Horror,115,61,15,Night,1.7
55,62,Female,Hong Kong,10,Action,22,42,9,Morning,2.1
56,22,Male,Tajikistan,1,Comedy,86,50,10,Afternoon,2.8
57,23,Female,Luxembourg,59,Action,72,38,12,Morning,1.5
58,41,Male,Martinique,32,Romance,94,54,14,Afternoon,3.5
59,61,Male,Cuba,1,Romance,74,51,11,Night,4.7
60,62,Male,Georgia,58,Romance,86,50,12,Morning,1.1
61,59,Male,Fiji,56,Comedy,74,39,11,Night,3.6
62,24,Male,Bolivia,41,Comedy,313,47,11,Evening,3.5
63,13,Female,Senegal,6,Action,74,46,13,Afternoon,1.8
64,48,Male,Paraguay,1,Drama,56,48,8,Evening,3.1
65,56,Female,Yemen,14,Comedy,150,48,7,Morning,1.8
66,21,Female,Gabon,26,Horror,238,47,7,Afternoon,4.9
67,25,Male,Cocos (Keeling) Islands,40,Romance,31,59,7,Evening,1.9
68,53,Female,Mozambique,8,Comedy,175,55,12,Morning,4.1
69,29,Male,Pitcairn Islands,35,Drama,160,62,12,Night,3.4
70,48,Male,South Africa,36,Romance,125,48,7,Evening,2.1
71,13,Male,Moldova,32,Drama,166,43,8,Night,3.2
72,25,Male,Eritrea,56,Drama,152,49,5,Night,4.8
73,46,Male,Tanzania,3,Comedy,123,43,6,Afternoon,4.0
74,64,Female,Singapore,10,Drama,152,50,9,Afternoon,3.4
75,55,Male,Philippines,49,Drama,113,47,8,Night,2.2
76,41,Male,Tuvalu,19,Horror,172,54,12,Afternoon,1.5
77,26,Female,North Macedonia,45,Comedy,188,44,11,Afternoon,2.4
78,17,Male,Kazakhstan,32,Drama,39,43,6,Morning,1.4
79,22,Female,Cook Islands,8,Action,52,46,9,Evening,1.2
80,59,Female,United States Minor Outlying Islands,49,Romance,145,54,12,Evening,2.3
81,13,Female,Guadeloupe,49,Drama,48,59,11,Afternoon,3.2
82,17,Male,Liberia,10,Comedy,60,39,7,Evening,3.5
83,55,Female,Honduras,36,Horror,153,58,5,Afternoon,2.7
84,60,Male,Bhutan,26,Romance,173,45,7,Night,2.6
85,36,Male,Barbados,27,Romance,128,54,9,Afternoon,4.5
86,21,Female,Angola,20,Comedy,146,49,9,Evening,3.7
87,28,Female,Belarus,34,Drama,92,52,8,Night,2.8
88,56,Male,Gabon,17,Romance,88,42,5,Night,1.7
89,46,Male,North Macedonia,16,Comedy,37,51,10,Evening,3.0
90,18,Female,Tonga,1,Drama,130,53,9,Evening,3.3
91,31,Male,Paraguay,40,Romance,19,53,15,Afternoon,3.7
92,55,Female,Norfolk Island,36,Comedy,153,41,7,Afternoon,2.6
93,63,Male,Antigua and Barbuda,15,Action,204,44,16,Afternoon,1.8
94,47,Male,Greece,30,Drama,111,46,14,Evening,3.0
95,50,Female,French Guiana,50,Horror,127,53,5,Night,2.0
96,60,Male,Portugal,23,Action,204,40,10,Afternoon,1.8
97,27,Male,Croatia,47,Horror,27,49,11,Evening,3.8
98,40,Male,Christmas Island,14,Comedy,93,46,4,Evening,3.5
99,20,Male,Hong Kong,39,Comedy,144,62,12,Afternoon,1.9
100,36,Male,Germany,39,Romance,140,52,6,Evening,3.4
101,15,Male,Botswana,34,Action,168,48,11,Afternoon,1.1
102,64,Female,Mauritania,50,Drama,4,43,11,Morning,4.6
103,30,Male,Uganda,44,Drama,27,56,14,Morning,2.4
104,14,Male,Swaziland,6,Horror,156,42,15,Evening,1.1
105,54,Female,Taiwan,51,Drama,65,57,7,Morning,4.3
106,63,Male,Mexico,49,Horror,109,56,10,Afternoon,4.1
107,60,Male,French Guiana,9,Horror,82,54,12,Night,3.3
108,53,Female,Suriname,4,Drama,184,50,9,Night,4.2
109,25,Female,Armenia,38,Drama,80,58,4,Morning,3.7
110,19,Female,Kazakhstan,7,Drama,46,55,6,Evening,3.1
111,56,Male,Malaysia,14,Comedy,59,56,17,Evening,2.6
112,54,Male,United States Minor Outlying Islands,42,Action,106,40,11,Morning,3.6
113,43,Male,Guatemala,39,Drama,45,41,6,Evening,1.3
114,64,Female,Uganda,26,Horror,42,48,7,Afternoon,4.7
115,58,Male,Spain,15,Action,14,45,12,Morning,4.3
116,42,Female,Peru,2,Action,57,70,7,Afternoon,4.0
117,50,Female,Bolivia,46,Action,245,39,12,Night,4.7
118,60,Female,United States of America,25,Action,152,46,12,Morning,2.3
119,39,Female,Canada,7,Action,189,43,10,Afternoon,3.5
120,27,Male,Tajikistan,45,Romance,182,57,8,Night,1.4
121,32,Female,Iran,60,Comedy,110,46,11,Morning,3.9
122,38,Male,Greenland,24,Action,204,50,14,Evening,2.1
123,53,Female,Venezuela,35,Drama,103,48,7,Night,4.2
124,19,Female,Northern Mariana Islands,29,Drama,106,53,12,Evening,3.3
125,53,Male,Christmas Island,45,Romance,205,64,11,Evening,3.8
126,68,Female,Somalia,56,Comedy,263,58,9,Evening,3.1
127,33,Male,Libyan Arab Jamahiriya,34,Romance,90,57,7,Afternoon,3.9
128,42,Female,Cyprus,1,Action,63,51,10,Morning,3.7
129,16,Female,Russian Federation,52,Horror,166,45,10,Morning,3.9
130,38,Female,Libyan Arab Jamahiriya,37,Comedy,127,39,10,Afternoon,4.3
131,18,Female,Micronesia,16,Drama,38,46,4,Evening,2.2
132,61,Male,Latvia,42,Comedy,98,40,13,Evening,4.7
133,54,Female,Singapore,59,Romance,204,59,13,Morning,1.5
134,57,Female,Jersey,25,Romance,157,43,9,Afternoon,3.3
135,43,Male,Palau,40,Comedy,198,39,10,Morning,4.9
136,38,Male,Guernsey,57,Horror,236,44,11,Afternoon,1.1
137,68,Female,France,40,Romance,101,54,8,Night,4.1
138,30,Female,Iceland,54,Romance,93,50,9,Evening,3.5
139,36,Male,Russian Federation,5,Drama,8,50,12,Morning,1.5
140,43,Male,Burundi,31,Horror,142,55,14,Evening,4.3
141,18,Male,Belize,54,Romance,68,50,10,Morning,4.8
142,49,Male,Mali,3,Action,126,60,11,Morning,4.6
143,54,Male,Morocco,5,Comedy,94,53,16,Night,1.4
144,39,Male,Ukraine,12,Drama,113,73,9,Night,4.4
145,56,Female,Ghana,31,Horror,160,50,10,Night,2.3
146,65,Female,Niue,7,Drama,186,59,6,Afternoon,3.9
147,59,Female,Yemen,31,Romance,66,51,10,Afternoon,3.7
148,26,Female,Bosnia and Herzegovina,53,Action,130,47,8,Night,1.5
149,56,Female,Anguilla,36,Action,77,41,10,Evening,1.7
150,58,Female,Cote d'Ivoire,3,Horror,101,41,11,Afternoon,1.3
151,37,Female,Germany,54,Horror,249,53,7,Night,4.0
152,26,Male,Mauritius,35,Drama,117,64,12,Evening,2.0
153,21,Female,Pakistan,46,Romance,190,42,6,Night,2.3
154,18,Female,Liberia,18,Romance,104,44,9,Evening,4.2
155,53,Male,India,9,Drama,96,47,15,Morning,2.3
156,36,Female,Latvia,22,Horror,200,50,14,Night,3.6
157,23,Male,Georgia,14,Drama,15,47,11,Morning,2.2
158,15,Female,Japan,34,Action,179,42,11,Night,4.1
159,52,Female,Singapore,11,Drama,146,52,4,Evening,4.4
160,61,Female,Guatemala,45,Comedy,185,51,13,Afternoon,2.6
161,23,Female,Tuvalu,40,Action,120,52,13,Evening,4.8
162,61,Female,Cocos (Keeling) Islands,8,Comedy,106,50,17,Evening,3.5
163,31,Male,India,13,Romance,88,46,6,Afternoon,2.9
164,58,Female,Oman,24,Drama,118,62,9,Evening,1.5
165,62,Male,Saint Barthelemy,41,Action,133,57,13,Evening,2.6
166,42,Male,Iceland,11,Comedy,130,58,7,Morning,2.9
167,44,Male,Oman,12,Horror,183,46,10,Morning,3.1
168,27,Male,Guernsey,3,Horror,134,38,9,Morning,3.3
169,31,Male,Bhutan,2,Horror,260,43,10,Night,3.2
170,55,Female,United States of America,57,Horror,-22,52,10,Evening,3.4
171,20,Male,Tokelau,43,Comedy,157,60,16,Night,3.5
172,15,Male,Canada,1,Horror,81,66,10,Evening,4.8
173,58,Female,Peru,32,Drama,247,42,14,Morning,1.1
174,24,Male,Cuba,32,Horror,164,59,9,Night,4.2
175,15,Female,Austria,21,Romance,59,64,10,Evening,2.7
176,49,Male,United States Minor Outlying Islands,31,Comedy,73,48,5,Evening,1.6
177,44,Female,Norway,18,Comedy,152,45,9,Morning,5.0
178,39,Female,Fiji,57,Drama,99,55,11,Morning,4.5
179,35,Female,Honduras,16,Comedy,0,48,11,Evening,3.1
180,34,Male,Bermuda,32,Action,109,49,8,Morning,3.9
181,55,Male,Iraq,6,Comedy,38,50,6,Afternoon,2.4
182,40,Male,Russian Federation,6,Comedy,172,40,12,Afternoon,4.6
183,44,Female,Cambodia,6,Romance,52,38,7,Afternoon,4.7
184,61,Female,Malaysia,55,Drama,177,52,5,Morning,3.9
185,48,Male,Kazakhstan,28,Drama,148,44,8,Afternoon,4.5
186,66,Female,Azerbaijan,44,Horror,112,66,14,Evening,4.2
187,43,Female,Luxembourg,42,Romance,154,51,7,Morning,3.0
188,25,Female,Guyana,14,Comedy,176,39,9,Morning,3.9
189,52,Female,Papua New Guinea,14,Drama,133,37,14,Morning,2.3
190,27,Female,United Arab Emirates,28,Horror,12,68,7,Morning,1.4
191,15,Male,Hungary,40,Romance,131,56,12,Night,1.9
192,67,Male,Czech Republic,14,Romance,69,52,10,Afternoon,4.8
193,69,Female,Congo,1,Romance,157,49,11,Evening,2.7
194,18,Male,Holy See (Vatican City State),39,Horror,129,40,4,Night,5.0
195,35,Male,Sudan,43,Comedy,104,48,10,Afternoon,3.9
196,69,Female,Burkina Faso,19,Horror,213,56,12,Evening,4.4
197,57,Female,Belarus,16,Comedy,97,46,7,Morning,3.8
198,65,Male,Portugal,54,Comedy,24,41,14,Night,4.5
199,35,Male,Equatorial Guinea,12,Action,84,42,15,Night,3.7
200,43,Female,Mali,25,Horror,115,47,11,Afternoon,4.4
201,59,Male,Pakistan,53,Action,166,57,12,Evening,1.8
202,70,Male,Argentina,37,Horror,82,51,8,Night,3.4
203,36,Female,Zambia,23,Horror,175,43,10,Afternoon,1.7
204,54,Male,American Samoa,4,Comedy,108,62,16,Morning,2.6
205,46,Male,Gibraltar,22,Romance,56,41,7,Morning,2.4
206,63,Female,Gambia,23,Action,214,62,15,Evening,2.9
207,33,Female,Saudi Arabia,3,Horror,115,53,10,Morning,4.9
208,35,Female,Singapore,40,Drama,103,47,6,Afternoon,2.6
209,40,Male,Guernsey,57,Horror,110,49,14,Evening,3.0
210,68,Female,Chile,28,Horror,3,50,15,Evening,2.6
211,64,Female,Norfolk Island,47,Drama,43,45,10,Evening,4.4
212,52,Male,Tokelau,4,Comedy,155,64,5,Afternoon,3.5
213,39,Female,American Samoa,55,Horror,113,43,10,Evening,4.3
214,39,Female,Greece,41,Action,58,50,13,Night,2.8
215,55,Male,Madagascar,41,Horror,145,50,13,Evening,3.6
216,58,Male,Afghanistan,54,Horror,135,61,12,Morning,3.1
217,69,Female,Saint Lucia,26,Horror,92,48,13,Night,5.0
218,14,Male,Solomon Islands,33,Romance,82,51,15,Night,4.2
219,54,Female,Indonesia,58,Drama,8,49,6,Afternoon,1.4
220,46,Female,Puerto Rico,27,Romance,74,67,10,Morning,3.6
221,49,Female,Holy See (Vatican City State),29,Action,195,42,10,Night,3.6
222,65,Female,Burkina Faso,54,Drama,161,44,11,Night,2.3
223,33,Male,Sri Lanka,20,Drama,135,46,11,Night,4.5
224,65,Male,Italy,43,Comedy,94,47,10,Evening,2.8
225,40,Female,Belize,32,Comedy,169,52,13,Night,3.3
226,49,Male,Taiwan,8,Horror,161,46,9,Evening,4.1
227,50,Male,Netherlands,42,Comedy,188,42,9,Night,2.1
228,17,Male,Korea,6,Romance,245,63,11,Evening,2.5
229,40,Female,Spain,55,Action,82,53,10,Night,1.2
230,22,Female,Samoa,17,Comedy,140,49,11,Afternoon,3.7
231,31,Male,China,1,Action,72,51,16,Night,3.3
232,21,Male,United States Virgin Islands,14,Horror,163,45,7,Night,1.0
233,62,Female,Austria,45,Romance,77,51,11,Night,1.2
234,17,Female,Chad,58,Romance,105,51,8,Night,4.4
235,55,Male,Peru,47,Drama,9,46,13,Afternoon,4.3
236,22,Male,Norfolk Island,52,Romance,137,47,6,Evening,1.1
237,30,Male,Belgium,30,Drama,102,46,5,Night,2.1
238,62,Female,Turkmenistan,49,Drama,122,53,5,Evening,2.9
239,31,Male,Norway,47,Drama,95,49,8,Night,4.9
240,32,Male,Saudi Arabia,32,Comedy,103,48,18,Night,3.6
241,58,Female,Mozambique,53,Romance,63,57,13,Night,4.1
242,67,Female,Mayotte,30,Action,51,56,9,Morning,2.0
243,37,Male,Mozambique,34,Comedy,85,48,11,Evening,2.8
244,63,Female,Denmark,57,Comedy,149,51,4,Morning,4.9
245,16,Male,Turkey,10,Romance,170,39,13,Afternoon,1.6
246,23,Female,Barbados,40,Action,172,45,8,Evening,5.0
247,47,Female,Cyprus,48,Horror,96,51,12,Afternoon,4.8
248,32,Male,United States Minor Outlying Islands,7,Comedy,139,50,12,Night,4.6
249,20,Female,Moldova,41,Horror,31,60,6,Evening,1.6
250,36,Male,Anguilla,1,Horror,62,45,10,Morning,3.3
251,30,Female,Belize,35,Romance,74,64,11,Morning,2.3
252,64,Male,Taiwan,53,Horror,75,41,16,Morning,1.1
253,59,Female,Kazakhstan,23,Drama,206,42,11,Night,3.0
254,31,Female,Austria,47,Comedy,106,47,11,Afternoon,4.2
255,29,Female,Swaziland,51,Horror,169,49,11,Night,4.0
256,42,Female,Montserrat,50,Drama,3,44,14,Night,4.0
257,19,Female,Christmas Island,49,Drama,98,52,5,Night,4.8
258,70,Female,Honduras,17,Action,146,44,10,Night,1.8
259,40,Female,Kiribati,20,Drama,244,51,10,Night,1.5
260,42,Female,Japan,46,Drama,139,56,7,Afternoon,4.3
261,33,Female,Grenada,53,Action,175,55,9,Evening,4.9
262,14,Female,Romania,33,Romance,102,43,10,Evening,3.1
263,29,Male,Germany,56,Romance,50,45,5,Afternoon,4.4
264,19,Male,Ireland,6,Romance,47,54,6,Night,2.6
265,61,Female,Saint Vincent and the Grenadines,32,Action,59,41,9,Afternoon,4.4
266,57,Male,Brunei Darussalam,36,Comedy,107,56,5,Night,4.8
267,32,Female,Swaziland,29,Action,45,38,10,Morning,2.5
268,69,Female,Bhutan,23,Romance,61,38,12,Afternoon,1.9
269,37,Male,Malta,27,Drama,23,57,12,Morning,4.8
270,45,Male,Japan,31,Comedy,87,49,7,Morning,1.4
271,54,Male,Tokelau,43,Comedy,182,56,10,Morning,5.0
272,50,Female,French Southern Territories,36,Horror,131,63,9,Night,3.3
273,69,Female,Martinique,54,Romance,47,46,11,Evening,2.3
274,14,Male,Malta,13,Drama,106,43,12,Morning,1.6
275,35,Male,Lao People's Democratic Republic,54,Action,142,60,3,Afternoon,2.7
276,31,Male,Afghanistan,50,Romance,133,54,11,Afternoon,3.0
277,55,Female,Costa Rica,42,Romance,216,48,5,Afternoon,2.8
278,29,Female,Bhutan,6,Action,60,58,14,Evening,1.3
279,68,Male,Tonga,7,Romance,62,45,8,Night,3.2
280,57,Male,Palau,5,Drama,143,52,8,Morning,2.8
281,56,Male,Algeria,33,Comedy,14,56,13,Morning,1.5
282,47,Female,Guinea,24,Romance,66,50,9,Afternoon,3.0
283,34,Female,Bhutan,33,Romance,68,62,9,Evening,1.8
284,50,Female,Grenada,42,Action,131,52,13,Afternoon,4.7
285,39,Female,Senegal,55,Horror,67,50,11,Afternoon,3.7
286,25,Female,Syrian Arab Republic,46,Action,145,68,7,Evening,2.6
287,32,Male,Niger,28,Horror,154,47,8,Morning,4.6
288,48,Male,Bahamas,19,Action,164,51,5,Evening,4.7
289,61,Female,Lesotho,20,Romance,188,56,10,Morning,3.5
290,30,Female,Bahamas,9,Drama,123,41,11,Night,1.8
291,33,Male,Chile,23,Drama,126,57,4,Evening,1.2
292,20,Female,Mauritius,12,Action,116,41,12,Morning,1.1
293,35,Male,Korea,12,Comedy,125,49,8,Afternoon,4.6
294,57,Female,Liechtenstein,41,Action,160,56,6,Afternoon,4.6
295,70,Male,Wallis and Futuna,54,Romance,53,50,8,Morning,2.4
296,20,Male,Sudan,40,Comedy,112,39,6,Morning,1.6
297,69,Female,Russian Federation,39,Drama,68,60,15,Night,1.8
298,56,Male,Bouvet Island (Bouvetoya),54,Drama,116,55,6,Night,2.3
299,40,Male,Sudan,23,Comedy,75,50,16,Afternoon,3.4
300,23,Male,Kyrgyz Republic,7,Horror,81,51,9,Afternoon,1.4
301,64,Male,Ireland,39,Comedy,43,35,10,Evening,4.8
302,44,Female,Kazakhstan,49,Drama,176,51,14,Afternoon,2.9
303,50,Female,Switzerland,11,Comedy,129,61,5,Afternoon,1.6
304,27,Female,Cambodia,37,Horror,27,52,6,Morning,2.9
305,27,Female,Zambia,58,Drama,162,58,6,Morning,3.4
306,25,Male,Tokelau,12,Romance,65,38,9,Night,4.3
307,34,Male,China,14,Drama,47,37,21,Morning,4.5
308,34,Male,Comoros,44,Action,122,57,5,Night,2.3
309,22,Female,Saint Kitts and Nevis,15,Horror,54,53,7,Night,2.6
310,46,Male,Bhutan,30,Drama,0,42,10,Evening,1.3
311,13,Female,Faroe Islands,9,Action,135,57,7,Morning,2.5
312,61,Female,Cook Islands,10,Action,138,53,11,Morning,3.5
313,43,Female,Barbados,49,Romance,158,42,6,Night,3.8
314,27,Female,Malawi,54,Action,82,48,10,Afternoon,3.1
315,19,Female,China,38,Action,234,52,13,Afternoon,3.5
316,54,Male,Malawi,43,Horror,211,52,8,Evening,2.8
317,29,Male,Turkmenistan,13,Drama,159,53,12,Night,2.6
318,13,Male,Netherlands Antilles,20,Drama,149,38,7,Morning,2.5
319,24,Male,Cuba,58,Drama,73,55,11,Evening,4.2
320,60,Female,Niue,54,Romance,108,52,8,Afternoon,3.6
321,39,Male,Montserrat,33,Drama,196,53,11,Afternoon,2.3
322,70,Male,Saudi Arabia,60,Action,266,60,7,Afternoon,3.4
323,16,Male,Costa Rica,50,Romance,87,42,8,Afternoon,3.9
324,32,Male,Nigeria,10,Drama,118,46,12,Morning,4.7
325,14,Male,Honduras,29,Comedy,145,34,5,Night,1.6
326,47,Male,Iran,59,Horror,94,40,7,Afternoon,2.7
327,49,Female,Saudi Arabia,50,Action,144,45,7,Evening,3.4
328,37,Male,Russian Federation,17,Comedy,97,46,9,Evening,2.0
329,18,Female,Pakistan,37,Comedy,75,49,13,Afternoon,1.9
330,56,Female,Colombia,44,Action,133,48,10,Night,4.9
331,56,Female,Guyana,15,Drama,99,53,4,Afternoon,2.5
332,50,Female,Guatemala,11,Comedy,115,44,9,Night,1.1
333,64,Male,Taiwan,58,Comedy,161,49,9,Evening,1.7
334,32,Female,Bouvet Island (Bouvetoya),50,Romance,21,41,11,Morning,3.2
335,31,Female,Bhutan,51,Romance,101,72,9,Afternoon,4.9
336,40,Male,Kuwait,38,Comedy,206,58,5,Afternoon,1.2
337,38,Female,South Africa,44,Horror,128,39,9,Morning,4.3
338,44,Female,Ghana,10,Horror,275,46,5,Night,1.5
339,35,Female,Mauritania,17,Comedy,94,43,8,Evening,2.9
340,14,Male,Serbia,35,Horror,129,62,4,Night,1.7
341,46,Female,Equatorial Guinea,35,Action,199,37,12,Afternoon,3.3
342,14,Female,Mayotte,55,Comedy,139,51,14,Afternoon,1.5
343,51,Male,Grenada,3,Romance,62,54,11,Evening,1.2
344,67,Male,Saint Kitts and Nevis,49,Action,122,42,11,Morning,1.2
345,35,Female,South Africa,18,Comedy,89,43,6,Afternoon,3.4
346,70,Female,Togo,51,Drama,176,41,11,Night,3.7
347,51,Female,Canada,39,Romance,41,48,14,Night,4.4
348,27,Male,Syrian Arab Republic,9,Comedy,159,46,7,Morning,2.1
349,35,Male,United Kingdom,9,Horror,206,46,8,Evening,2.7
350,43,Male,Jamaica,27,Action,179,43,13,Night,1.0
351,58,Male,Kiribati,12,Romance,38,49,12,Night,1.4
352,17,Male,Martinique,1,Action,17,63,11,Afternoon,4.6
353,60,Male,Tuvalu,11,Horror,111,33,9,Morning,3.6
354,67,Male,Syrian Arab Republic,3,Horror,114,50,6,Afternoon,3.5
355,47,Female,Colombia,18,Romance,-54,43,11,Afternoon,1.8
356,43,Female,Guernsey,43,Drama,90,39,11,Afternoon,1.5
357,39,Male,Ghana,14,Drama,125,61,13,Morning,2.0
358,63,Female,Northern Mariana Islands,53,Drama,63,51,6,Afternoon,1.2
359,23,Female,Pitcairn Islands,34,Action,129,41,9,Morning,4.4
360,66,Male,Italy,8,Drama,133,63,12,Morning,1.1
361,50,Female,Mauritius,29,Comedy,124,49,7,Evening,1.4
362,45,Female,Palestinian Territory,39,Comedy,12,47,9,Afternoon,3.2
363,21,Male,Madagascar,53,Comedy,252,54,13,Morning,4.7
364,58,Female,British Virgin Islands,27,Romance,160,51,13,Night,4.6
365,50,Female,Mali,18,Comedy,2,45,9,Afternoon,1.2
366,57,Male,Thailand,47,Drama,128,48,7,Evening,1.2
367,52,Male,Bouvet Island (Bouvetoya),49,Drama,122,51,12,Afternoon,4.1
368,43,Female,Czech Republic,21,Romance,146,54,12,Night,1.2
369,48,Female,Mongolia,52,Horror,129,48,9,Evening,1.7
370,49,Female,Guadeloupe,52,Romance,-27,50,8,Night,2.8
371,34,Male,Zimbabwe,25,Comedy,117,66,15,Afternoon,4.8
372,18,Female,Montenegro,12,Action,184,47,9,Morning,1.2
373,59,Male,Lithuania,14,Horror,144,50,6,Morning,1.8
374,21,Male,Maldives,9,Action,162,38,10,Night,2.3
375,27,Female,Eritrea,41,Action,237,61,5,Morning,1.6
376,34,Male,Greenland,32,Horror,32,44,5,Afternoon,1.8
377,52,Male,Barbados,57,Drama,128,38,13,Evening,2.4
378,48,Female,Honduras,21,Drama,75,43,8,Afternoon,1.3
379,25,Male,Indonesia,6,Romance,123,55,9,Morning,3.4
380,17,Female,Andorra,48,Horror,86,35,7,Afternoon,4.7
381,51,Male,Spain,46,Comedy,36,50,7,Night,4.7
382,54,Female,Malta,21,Comedy,54,48,9,Night,4.9
383,22,Male,Serbia,36,Action,75,55,9,Afternoon,1.8
384,43,Male,Saudi Arabia,24,Horror,118,34,10,Afternoon,2.9
385,62,Male,Samoa,27,Drama,202,57,9,Morning,2.2
386,36,Male,Iceland,37,Action,116,55,8,Night,2.4
387,33,Female,Uzbekistan,59,Action,20,62,9,Night,1.4
388,42,Female,Switzerland,2,Comedy,63,44,16,Night,4.6
389,37,Male,Lebanon,25,Action,139,57,12,Night,3.5
390,57,Female,Kuwait,9,Comedy,198,41,13,Morning,2.4
391,40,Female,Nepal,5,Romance,60,46,7,Afternoon,1.2
392,32,Female,Guyana,14,Romance,141,60,10,Night,2.9
393,42,Male,Togo,2,Action,111,52,15,Night,3.5
394,42,Female,Netherlands Antilles,43,Comedy,119,44,6,Night,1.0
395,35,Male,Mexico,17,Romance,121,51,12,Afternoon,2.1
396,18,Male,Israel,30,Drama,104,41,10,Afternoon,3.5
397,46,Female,Andorra,35,Comedy,246,38,8,Morning,4.7
398,35,Male,Puerto Rico,45,Drama,284,50,13,Morning,3.0
399,48,Female,Colombia,19,Romance,107,56,7,Morning,1.7
400,16,Female,United States of America,39,Horror,82,48,12,Afternoon,5.0
401,18,Male,Mongolia,45,Comedy,110,55,7,Morning,3.3
402,60,Male,Puerto Rico,1,Drama,70,50,9,Morning,2.6
403,40,Female,Brunei Darussalam,24,Drama,151,45,10,Night,5.0
404,56,Female,Chad,33,Romance,222,51,9,Morning,4.3
405,17,Female,Costa Rica,26,Comedy,129,51,8,Morning,2.3
406,42,Male,New Zealand,55,Romance,134,47,5,Night,1.8
407,45,Female,Liechtenstein,18,Drama,137,54,11,Evening,1.4
408,48,Male,Singapore,37,Comedy,153,52,7,Morning,1.8
409,47,Male,Panama,54,Drama,138,55,12,Night,1.8
410,38,Male,Gambia,60,Action,126,38,10,Evening,4.3
411,33,Male,British Indian Ocean Territory (Chagos Archipelago),16,Action,157,48,13,Morning,3.8
412,69,Female,Tuvalu,59,Drama,58,44,6,Morning,2.5
413,15,Female,Denmark,54,Romance,117,49,14,Afternoon,1.3
414,60,Female,Zimbabwe,18,Comedy,112,47,10,Night,4.9
415,57,Female,Sri Lanka,11,Comedy,87,50,11,Night,2.4
416,14,Female,Guyana,34,Romance,45,40,15,Morning,1.1
417,45,Female,Argentina,50,Comedy,171,70,7,Night,3.4
418,32,Female,Qatar,18,Drama,149,38,8,Morning,1.0
419,27,Male,Macao,14,Romance,121,40,12,Morning,4.5
420,68,Female,Thailand,32,Horror,50,46,17,Night,3.2
421,58,Female,Niger,1,Horror,115,58,10,Evening,4.0
422,17,Female,Nigeria,4,Horror,65,62,12,Morning,1.3
423,58,Female,Burundi,16,Drama,126,56,9,Morning,4.7
424,55,Female,Samoa,16,Drama,165,65,7,Morning,1.5
425,52,Male,South Africa,10,Horror,164,47,11,Morning,3.0
426,26,Female,Spain,54,Horror,88,57,9,Morning,3.6
427,33,Female,Congo,28,Horror,195,53,7,Evening,1.5
428,66,Male,Mali,9,Comedy,35,61,8,Night,3.7
429,66,Female,India,6,Drama,194,47,12,Afternoon,3.0
430,61,Male,Nepal,10,Drama,103,58,6,Morning,1.9
431,70,Female,Svalbard & Jan Mayen Islands,6,Romance,95,55,9,Afternoon,3.2
432,45,Female,Tunisia,2,Horror,106,56,7,Night,2.6
433,50,Female,Ghana,7,Comedy,205,46,7,Afternoon,1.1
434,51,Male,San Marino,50,Romance,135,45,14,Afternoon,2.7
435,66,Female,Switzerland,8,Romance,183,43,10,Evening,4.2
436,20,Female,Nauru,18,Drama,-1,49,15,Morning,1.1
437,16,Female,Azerbaijan,10,Comedy,78,42,10,Morning,2.2
438,57,Female,Netherlands Antilles,58,Action,134,49,3,Night,4.4
439,19,Male,Belgium,8,Drama,168,51,9,Morning,2.5
440,20,Male,Afghanistan,40,Romance,162,50,3,Evening,3.4
441,67,Female,Burkina Faso,15,Horror,198,67,7,Afternoon,2.2
442,22,Male,Russian Federation,25,Horror,185,55,16,Evening,1.2
443,24,Female,Turkey,32,Action,18,47,9,Night,3.5
444,54,Female,Eritrea,52,Action,107,50,4,Evening,2.8
445,24,Female,Zimbabwe,57,Horror,98,50,11,Evening,2.6
446,68,Male,Dominican Republic,60,Romance,148,60,12,Morning,4.2
447,22,Female,Nicaragua,22,Action,95,45,16,Afternoon,2.5
448,60,Female,Andorra,47,Drama,124,30,8,Night,2.4
449,15,Female,Hong Kong,24,Action,46,55,14,Afternoon,4.0
450,58,Male,Namibia,9,Comedy,106,48,7,Afternoon,3.7
451,33,Female,Macao,55,Romance,196,55,9,Morning,1.4
452,48,Male,Liberia,30,Horror,142,43,16,Evening,3.2
453,24,Male,Russian Federation,46,Horror,137,46,11,Morning,3.5
454,48,Female,Qatar,5,Horror,248,62,7,Night,3.8
455,52,Female,Mauritania,11,Comedy,245,44,13,Morning,3.4
456,41,Male,India,24,Horror,171,46,9,Afternoon,5.0
457,49,Female,Dominican Republic,29,Romance,61,57,8,Afternoon,3.3
458,16,Male,Macao,37,Romance,39,50,8,Morning,2.5
459,67,Male,Burundi,39,Comedy,84,54,9,Evening,1.3
460,36,Female,Mozambique,56,Drama,157,49,9,Morning,2.6
461,53,Male,Northern Mariana Islands,36,Horror,90,42,6,Night,2.4
462,33,Female,Mexico,3,Horror,160,57,12,Afternoon,4.4
463,55,Female,Switzerland,50,Horror,-9,55,10,Evening,1.2
464,51,Female,El Salvador,11,Romance,180,49,9,Morning,4.2
465,19,Male,Vanuatu,46,Drama,145,62,8,Evening,2.4
466,15,Male,Russian Federation,13,Romance,120,56,13,Afternoon,1.5
467,49,Male,Haiti,46,Drama,308,50,9,Morning,4.3
468,23,Male,Bhutan,3,Romance,182,49,12,Evening,1.5
469,57,Female,India,4,Action,195,46,7,Night,2.8
470,60,Female,Guadeloupe,58,Action,143,53,3,Afternoon,3.2
471,47,Female,Wallis and Futuna,23,Action,125,44,4,Morning,3.7
472,30,Female,South Africa,51,Horror,133,46,8,Evening,2.4
473,20,Male,Fiji,19,Drama,112,49,9,Night,4.0
474,50,Female,India,40,Romance,145,43,8,Morning,2.1
475,41,Female,Gambia,30,Horror,128,45,7,Evening,3.5
476,18,Male,Guatemala,24,Action,113,56,15,Afternoon,4.0
477,51,Female,Puerto Rico,14,Drama,175,47,11,Morning,1.3
478,66,Female,Mauritania,13,Action,182,43,8,Night,2.1
479,52,Male,Argentina,1,Romance,115,53,3,Afternoon,4.2
480,29,Male,Ghana,27,Action,232,38,7,Morning,2.5
481,51,Female,Nigeria,55,Romance,108,53,10,Morning,2.4
482,16,Female,Holy See (Vatican City State),42,Romance,197,56,6,Morning,1.5
483,42,Male,Turkey,59,Comedy,144,62,5,Afternoon,3.5
484,36,Female,Mozambique,13,Comedy,79,51,12,Evening,3.1
485,33,Male,Falkland Islands (Malvinas),12,Drama,107,51,11,Afternoon,2.7
486,39,Male,United States Virgin Islands,29,Action,127,47,14,Evening,3.9
487,17,Female,Macao,21,Drama,69,68,6,Evening,2.4
488,41,Male,Tajikistan,39,Comedy,113,59,8,Night,2.0
489,54,Male,United States Virgin Islands,3,Action,98,65,14,Evening,3.9
490,58,Male,India,31,Comedy,121,46,8,Morning,1.8
491,65,Male,Mongolia,19,Comedy,83,40,9,Afternoon,1.3
492,31,Male,Aruba,9,Action,129,50,8,Night,1.5
493,30,Male,Bolivia,46,Comedy,72,42,14,Evening,3.0
494,41,Female,Falkland Islands (Malvinas),41,Romance,122,56,9,Night,2.0
495,40,Male,Belgium,54,Drama,85,49,11,Morning,3.1
496,42,Male,Romania,29,Drama,145,49,11,Evening,1.4
497,61,Female,Macao,34,Drama,123,49,12,Evening,3.9
498,24,Female,Bermuda,50,Action,252,38,17,Morning,2.5
499,65,Male,Costa Rica,26,Drama,157,53,7,Morning,5.0
500,26,Male,Sao Tome and Principe,9,Comedy,210,57,10,Night,4.0
501,34,Female,Saint Vincent and the Grenadines,50,Romance,94,42,7,Afternoon,4.7
502,27,Female,Russian Federation,49,Horror,128,49,9,Morning,3.6
503,19,Female,Botswana,24,Horror,188,38,8,Afternoon,3.7
504,46,Male,Rwanda,4,Comedy,86,56,14,Morning,1.9
505,55,Male,Belgium,42,Drama,75,43,10,Night,4.7
506,32,Male,Comoros,48,Horror,196,60,9,Night,3.9
507,28,Male,Monaco,10,Romance,121,45,10,Night,3.4
508,56,Female,Mauritania,8,Drama,85,58,10,Afternoon,2.4
509,64,Male,Macao,22,Romance,145,51,6,Evening,4.2
510,29,Male,Luxembourg,11,Horror,187,43,7,Night,1.4
511,67,Female,Burundi,48,Comedy,23,53,6,Morning,4.3
512,52,Male,Reunion,33,Horror,210,44,15,Night,1.8
513,65,Male,Palestinian Territory,60,Romance,96,56,11,Evening,4.3
514,63,Male,Spain,39,Romance,118,59,10,Evening,2.4
515,35,Female,Kenya,32,Romance,192,48,15,Afternoon,1.3
516,57,Male,Nigeria,17,Horror,60,52,5,Evening,1.6
517,15,Female,Saudi Arabia,46,Horror,130,54,10,Evening,2.4
518,54,Male,Equatorial Guinea,4,Romance,137,37,9,Afternoon,4.1
519,67,Male,Macao,44,Comedy,221,51,14,Night,4.9
520,63,Female,Czech Republic,13,Horror,-7,50,10,Night,3.5
521,16,Female,Spain,8,Romance,187,58,11,Morning,3.4
522,15,Female,South Africa,19,Horror,51,41,6,Afternoon,1.8
523,24,Female,Malta,28,Action,162,64,16,Night,3.0
524,32,Male,Fiji,12,Comedy,62,53,14,Night,3.2
525,56,Male,Greece,59,Horror,10,38,4,Afternoon,5.0
526,17,Male,Rwanda,40,Horror,80,51,9,Evening,2.3
527,40,Male,Turks and Caicos Islands,23,Horror,140,54,14,Morning,4.6
528,33,Female,Hungary,2,Drama,32,51,13,Afternoon,1.8
529,53,Female,Montserrat,40,Romance,56,44,10,Morning,1.3
530,66,Male,Bolivia,12,Drama,59,57,8,Night,4.2
531,64,Female,Kyrgyz Republic,39,Drama,180,48,9,Morning,4.5
532,20,Female,Thailand,31,Romance,200,66,10,Morning,3.7
533,66,Male,Brazil,20,Horror,145,43,10,Afternoon,3.4
534,46,Female,Sao Tome and Principe,33,Horror,116,34,12,Morning,4.0
535,25,Female,Palau,11,Romance,146,49,11,Afternoon,1.6
536,44,Male,Eritrea,1,Action,141,34,16,Night,2.6
537,67,Male,Vanuatu,3,Drama,145,56,4,Night,2.2
538,15,Male,China,15,Drama,61,41,6,Morning,3.2
539,55,Male,Japan,42,Comedy,118,53,5,Afternoon,4.5
540,28,Male,Montenegro,3,Horror,110,56,15,Night,3.8
541,56,Male,Canada,48,Horror,96,43,6,Afternoon,3.8
542,19,Female,Guinea,25,Drama,104,46,4,Evening,2.9
543,20,Female,India,11,Action,175,47,7,Afternoon,3.9
544,63,Female,Equatorial Guinea,18,Action,156,46,7,Afternoon,4.1
545,26,Female,Bahrain,29,Comedy,179,33,15,Evening,4.1
546,20,Male,Kazakhstan,36,Romance,147,43,9,Afternoon,4.9
547,54,Male,Bouvet Island (Bouvetoya),29,Romance,213,47,10,Night,4.2
548,54,Female,Bosnia and Herzegovina,28,Romance,67,50,7,Morning,3.1
549,53,Female,American Samoa,53,Horror,215,43,6,Morning,3.6
550,27,Male,Burkina Faso,44,Romance,158,45,10,Night,3.6
551,27,Female,Honduras,13,Romance,165,40,7,Night,2.9
552,59,Male,Solomon Islands,11,Horror,148,54,3,Night,2.6
553,32,Female,Japan,1,Drama,125,54,6,Morning,1.7
554,43,Male,Bahamas,60,Horror,7,53,18,Night,3.5
555,52,Female,Chad,38,Drama,104,59,8,Morning,4.2
556,66,Male,Burundi,46,Drama,88,53,9,Night,1.1
557,14,Female,Palestinian Territory,31,Comedy,10,42,4,Morning,2.6
558,33,Female,Azerbaijan,31,Horror,127,52,15,Morning,4.0
559,43,Female,Timor-Leste,39,Comedy,99,55,10,Afternoon,3.2
560,30,Male,Lebanon,4,Horror,167,55,11,Night,3.8
561,46,Female,San Marino,27,Comedy,108,45,9,Evening,3.4
562,54,Female,Lesotho,53,Horror,71,46,11,Morning,2.3
563,40,Male,Fiji,1,Drama,104,52,8,Night,1.6
564,51,Male,Turkmenistan,22,Drama,82,63,6,Morning,3.2
565,54,Female,Botswana,35,Romance,69,50,13,Night,1.3
566,31,Female,United States Minor Outlying Islands,2,Drama,180,65,9,Afternoon,4.9
567,49,Female,Philippines,44,Horror,193,70,7,Night,1.5
568,13,Female,Congo,17,Romance,181,50,6,Evening,3.4
569,25,Male,Chile,4,Comedy,93,38,7,Morning,3.4
570,43,Male,Bosnia and Herzegovina,49,Comedy,73,44,9,Night,3.1
571,59,Female,Bangladesh,19,Romance,57,49,6,Evening,1.4
572,16,Female,Angola,12,Comedy,80,63,4,Night,2.9
573,24,Female,Poland,20,Comedy,114,58,9,Afternoon,2.1
574,19,Male,Cyprus,45,Horror,65,48,11,Afternoon,1.7
575,24,Male,Congo,33,Romance,149,46,6,Morning,3.0
576,41,Male,Antarctica (the territory South of 60 deg S),35,Horror,182,57,13,Night,1.8
577,16,Female,Gibraltar,34,Comedy,237,43,19,Evening,3.9
578,31,Male,Vietnam,56,Horror,102,53,14,Morning,2.5
579,19,Male,Colombia,25,Drama,167,48,9,Evening,3.3
580,59,Female,Guatemala,36,Romance,226,52,9,Afternoon,4.7
581,24,Male,Liberia,4,Horror,74,52,9,Afternoon,2.3
582,18,Female,Fiji,46,Romance,71,55,9,Evening,4.0
583,57,Male,South Africa,17,Romance,136,46,7,Night,1.8
584,52,Female,Rwanda,5,Romance,83,57,9,Afternoon,4.2
585,33,Female,Isle of Man,55,Comedy,97,48,10,Afternoon,2.3
586,62,Female,Spain,24,Horror,87,44,10,Evening,3.5
587,53,Male,Honduras,51,Romance,50,48,11,Evening,4.0
588,62,Male,Kenya,25,Drama,50,63,7,Morning,4.9
589,24,Female,Italy,53,Romance,174,65,11,Evening,4.4
590,13,Female,French Southern Territories,35,Drama,105,41,15,Night,4.1
591,56,Male,Somalia,32,Drama,83,50,10,Afternoon,3.4
592,53,Male,Hungary,33,Horror,161,51,10,Morning,3.2
593,63,Male,Papua New Guinea,52,Drama,180,63,12,Afternoon,1.7
594,40,Female,Guam,22,Comedy,82,53,6,Morning,4.1
595,29,Female,Angola,32,Romance,124,57,14,Morning,4.6
596,59,Male,Belarus,36,Drama,102,48,6,Afternoon,3.8
597,33,Male,Kenya,55,Horror,149,48,10,Morning,1.4
598,42,Male,United States Minor Outlying Islands,26,Romance,104,39,11,Evening,3.4
599,37,Female,Latvia,38,Romance,59,54,8,Night,4.1
600,61,Male,Afghanistan,53,Romance,80,43,11,Afternoon,2.6
601,51,Male,Kiribati,56,Romance,177,36,10,Morning,1.7
602,20,Male,Lesotho,12,Romance,2,55,16,Afternoon,1.8
603,58,Female,Armenia,39,Comedy,71,62,13,Evening,2.5
604,28,Male,Faroe Islands,43,Drama,136,48,7,Night,1.2
605,45,Male,Sierra Leone,57,Comedy,103,41,8,Evening,4.4
606,19,Male,Mayotte,43,Drama,213,46,11,Morning,4.8
607,53,Male,Mayotte,19,Drama,123,65,7,Afternoon,3.6
608,49,Male,Djibouti,22,Action,44,44,5,Night,1.0
609,60,Female,Netherlands Antilles,48,Drama,241,44,11,Morning,1.8
610,66,Male,Romania,34,Action,155,48,12,Night,2.8
611,62,Male,Korea,59,Comedy,71,51,18,Night,1.1
612,45,Male,Haiti,14,Action,254,61,8,Night,4.2
613,58,Male,Belize,31,Comedy,66,51,15,Morning,4.2
614,19,Female,Croatia,60,Romance,64,49,7,Evening,4.3
615,35,Male,Tokelau,24,Drama,120,63,11,Morning,3.3
616,22,Female,Guyana,20,Drama,191,38,12,Morning,2.4
617,21,Female,San Marino,38,Drama,154,62,11,Morning,1.6
618,13,Female,Cote d'Ivoire,53,Action,64,42,11,Evening,3.7
619,31,Male,Burundi,2,Action,225,32,6,Evening,2.4
620,16,Male,Mayotte,32,Romance,69,51,14,Evening,3.2
621,62,Female,Haiti,50,Action,110,47,14,Night,3.3
622,52,Male,Honduras,39,Drama,49,60,12,Morning,4.4
623,64,Female,Panama,8,Horror,74,42,9,Night,1.3
624,44,Female,Saudi Arabia,13,Drama,149,54,12,Evening,4.9
625,59,Female,Monaco,53,Comedy,121,40,6,Night,4.2
626,37,Female,Jamaica,59,Drama,168,53,9,Morning,3.3
627,29,Female,Hong Kong,15,Drama,168,50,11,Evening,2.9
628,61,Male,Korea,31,Horror,120,62,14,Evening,2.9
629,66,Male,Cocos (Keeling) Islands,50,Romance,119,47,8,Morning,4.3
630,55,Female,Andorra,6,Horror,118,67,13,Evening,4.4
631,50,Female,Comoros,16,Comedy,137,35,11,Morning,3.5
632,63,Male,French Polynesia,21,Action,96,58,9,Afternoon,4.0
633,55,Female,Morocco,24,Comedy,94,39,8,Morning,3.0
634,30,Female,Swaziland,44,Romance,45,49,8,Night,2.5
635,20,Female,Turkey,50,Romance,114,51,11,Morning,2.9
636,27,Male,Zimbabwe,10,Horror,99,52,11,Morning,2.7
637,24,Female,Mauritius,44,Action,99,44,7,Evening,3.5
638,61,Male,Switzerland,25,Horror,112,57,11,Morning,4.5
639,70,Male,Saint Kitts and Nevis,44,Action,24,51,13,Night,2.6
640,35,Male,Moldova,19,Romance,240,50,7,Afternoon,2.7
641,47,Male,Myanmar,15,Action,34,50,13,Evening,3.7
642,46,Male,Singapore,18,Romance,101,41,5,Evening,2.6
643,35,Male,Andorra,57,Comedy,178,56,8,Night,1.5
644,19,Male,Christmas Island,19,Horror,-13,65,11,Afternoon,2.5
645,29,Male,Norway,23,Drama,88,64,8,Evening,3.3
646,13,Male,Niue,6,Romance,46,60,14,Morning,1.8
647,50,Female,Guernsey,18,Comedy,153,46,15,Night,2.1
648,47,Male,Sierra Leone,58,Drama,-41,50,10,Morning,3.1
649,44,Female,Sri Lanka,19,Comedy,231,52,11,Morning,3.4
650,31,Male,Kazakhstan,5,Action,10,41,13,Morning,4.0
651,62,Male,Senegal,7,Action,138,39,5,Morning,4.2
652,15,Male,Lesotho,50,Action,145,63,4,Morning,2.1
653,61,Male,Marshall Islands,46,Horror,168,54,8,Night,3.7
654,46,Male,Antarctica (the territory South of 60 deg S),23,Horror,125,44,8,Evening,3.5
655,29,Female,Kiribati,19,Action,46,59,14,Morning,1.6
656,46,Male,Haiti,13,Romance,126,47,4,Morning,2.2
657,44,Female,Tajikistan,56,Horror,144,56,11,Morning,4.7
658,48,Male,South Georgia and the South Sandwich Islands,36,Action,123,54,15,Afternoon,3.2
659,40,Female,Bolivia,25,Comedy,191,56,9,Afternoon,1.3
660,60,Male,Belize,45,Comedy,217,44,14,Afternoon,2.6
661,24,Male,Wallis and Futuna,17,Action,118,47,7,Evening,4.1
662,22,Female,Botswana,36,Comedy,92,52,8,Night,3.6
663,27,Female,Tokelau,58,Drama,64,55,6,Morning,4.2
664,52,Female,Niger,37,Drama,121,52,12,Morning,3.5
665,42,Male,Madagascar,52,Comedy,168,52,11,Afternoon,2.1
666,23,Female,Belgium,40,Drama,187,60,11,Evening,1.6
667,38,Male,Singapore,46,Romance,91,52,9,Night,2.5
668,30,Female,Haiti,28,Romance,-35,45,9,Morning,3.3
669,26,Male,Costa Rica,9,Romance,175,60,3,Morning,1.7
670,21,Female,Philippines,28,Romance,116,39,7,Evening,2.2
671,67,Female,Niger,58,Comedy,84,57,6,Afternoon,3.0
672,60,Male,Grenada,27,Comedy,58,61,10,Morning,2.4
673,23,Female,Antigua and Barbuda,37,Drama,115,39,8,Night,3.3
674,52,Female,Rwanda,42,Comedy,183,59,9,Morning,3.5
675,67,Female,Macao,23,Romance,172,44,9,Night,2.8
676,58,Female,Jordan,35,Comedy,190,46,11,Morning,3.7
677,39,Female,Cape Verde,56,Horror,145,47,4,Morning,2.6
678,24,Female,Botswana,55,Romance,69,66,10,Evening,4.4
679,27,Male,Zambia,6,Comedy,15,48,12,Evening,3.7
680,33,Male,Netherlands Antilles,25,Romance,124,42,10,Afternoon,4.7
681,30,Male,Aruba,5,Horror,165,44,11,Afternoon,4.3
682,50,Male,Cape Verde,21,Action,163,50,10,Night,4.2
683,46,Male,Hungary,34,Action,207,41,7,Afternoon,2.6
684,69,Male,Bangladesh,56,Romance,94,53,9,Morning,3.8
685,44,Female,Lao People's Democratic Republic,32,Drama,85,47,10,Afternoon,2.4
686,35,Female,Serbia,32,Horror,116,53,8,Night,3.6
687,25,Female,Finland,17,Drama,189,47,12,Night,2.1
688,39,Male,Moldova,57,Romance,41,35,10,Night,3.9
689,43,Female,Slovakia (Slovak Republic),13,Drama,103,55,5,Morning,4.0
690,32,Male,Bhutan,7,Horror,133,60,8,Night,2.3
691,31,Male,Suriname,36,Action,134,48,11,Afternoon,1.5
692,18,Female,Macao,38,Action,39,49,12,Evening,3.7
693,18,Female,Saudi Arabia,53,Romance,38,50,13,Evening,1.4
694,69,Male,Kiribati,32,Drama,87,45,12,Evening,2.3
695,64,Female,Cocos (Keeling) Islands,5,Drama,108,48,8,Morning,1.6
696,59,Female,Solomon Islands,39,Romance,13,51,10,Evening,2.2
697,58,Female,Philippines,48,Romance,59,54,16,Morning,4.0
698,29,Female,Congo,27,Drama,131,35,5,Evening,3.8
699,15,Male,New Zealand,40,Action,163,36,13,Afternoon,1.6
700,68,Female,Gabon,22,Romance,165,49,11,Evening,1.2
701,67,Female,Aruba,60,Action,41,53,7,Evening,4.5
702,67,Female,Belgium,47,Action,104,49,11,Morning,1.6
703,30,Male,Ecuador,4,Comedy,84,53,7,Evening,4.3
704,47,Female,Georgia,54,Horror,75,63,11,Evening,1.6
705,31,Male,Ghana,38,Horror,205,56,14,Evening,4.8
706,49,Male,Bermuda,17,Comedy,96,43,17,Night,2.2
707,16,Female,Finland,24,Drama,173,54,15,Evening,2.8
708,46,Female,Lebanon,53,Action,70,56,6,Night,1.2
709,57,Female,Equatorial Guinea,6,Romance,195,50,12,Morning,1.3
710,52,Female,American Samoa,51,Romance,40,50,11,Night,2.8
711,28,Female,British Virgin Islands,36,Horror,96,48,5,Evening,3.3
712,31,Male,Russian Federation,23,Action,32,49,13,Night,4.5
713,36,Male,New Caledonia,10,Romance,217,55,6,Afternoon,4.2
714,52,Male,Malta,18,Action,94,56,15,Night,4.7
715,51,Male,Israel,52,Romance,228,53,5,Morning,1.4
716,38,Female,Panama,14,Horror,69,49,7,Night,2.5
717,20,Male,Mali,10,Comedy,128,51,13,Night,1.7
718,23,Female,Burundi,39,Comedy,120,59,9,Afternoon,3.7
719,60,Male,Botswana,55,Comedy,122,51,11,Night,2.2
720,33,Male,San Marino,38,Comedy,108,55,12,Morning,2.5
721,24,Male,Guatemala,24,Horror,191,48,11,Evening,3.1
722,22,Female,Norfolk Island,52,Romance,184,61,9,Evening,4.7
723,56,Male,Azerbaijan,41,Horror,121,43,9,Morning,1.4
724,66,Male,Uruguay,15,Romance,96,48,8,Evening,2.3
725,53,Female,Pakistan,40,Drama,159,55,8,Evening,4.7
726,35,Male,Bahamas,4,Horror,96,45,6,Morning,3.0
727,33,Female,Malta,25,Drama,49,40,12,Morning,2.6
728,47,Male,Isle of Man,21,Action,96,41,9,Evening,1.9
729,42,Male,Palestinian Territory,39,Comedy,163,61,8,Morning,3.1
730,37,Female,Saint Barthelemy,9,Horror,122,47,12,Morning,1.4
731,36,Male,Belgium,16,Comedy,207,47,12,Afternoon,2.0
732,26,Female,Albania,12,Action,133,49,11,Evening,4.0
733,65,Female,Spain,45,Drama,113,60,12,Evening,2.9
734,34,Male,Marshall Islands,47,Action,59,46,11,Evening,2.7
735,44,Female,Uruguay,36,Drama,23,55,7,Morning,4.5
736,53,Female,Israel,10,Romance,189,53,13,Morning,4.3
737,47,Male,American Samoa,6,Comedy,117,60,10,Evening,3.0
738,38,Female,Botswana,60,Horror,24,49,15,Evening,3.6
739,66,Male,Bahamas,35,Drama,179,44,10,Night,3.4
740,53,Female,Puerto Rico,15,Comedy,113,44,10,Evening,4.8
741,13,Male,Northern Mariana Islands,45,Romance,127,38,11,Night,2.9
742,61,Male,Saint Lucia,16,Horror,114,55,14,Afternoon,4.4
743,50,Male,Holy See (Vatican City State),48,Horror,38,54,13,Night,1.8
744,22,Female,Nicaragua,14,Drama,4,39,15,Evening,2.6
745,49,Female,Christmas Island,41,Comedy,13,56,9,Afternoon,4.5
746,38,Female,Costa Rica,58,Drama,139,48,10,Morning,2.6
747,16,Female,Solomon Islands,6,Horror,158,50,10,Evening,4.9
748,64,Female,Hungary,17,Horror,78,46,11,Night,1.8
749,48,Female,Antarctica (the territory South of 60 deg S),11,Romance,187,50,6,Night,1.5
750,19,Female,United States of America,31,Romance,109,33,9,Afternoon,3.2
751,15,Male,Czech Republic,5,Romance,-2,45,8,Morning,3.0
752,34,Male,Malawi,52,Drama,165,53,11,Afternoon,4.6
753,16,Female,Greenland,31,Comedy,101,51,16,Evening,2.0
754,21,Male,Wallis and Futuna,49,Romance,89,49,6,Morning,3.2
755,65,Female,Guinea-Bissau,25,Romance,78,49,10,Afternoon,3.5
756,58,Male,Monaco,11,Drama,138,44,15,Afternoon,3.5
757,48,Male,Lao People's Democratic Republic,7,Romance,58,53,12,Night,4.0
758,33,Male,Mexico,36,Action,66,53,10,Afternoon,2.7
759,68,Female,Brazil,16,Horror,109,49,16,Afternoon,3.1
760,16,Male,Sweden,38,Romance,174,55,7,Evening,3.5
761,31,Female,Lesotho,44,Romance,74,61,8,Evening,3.9
762,36,Male,United Arab Emirates,59,Action,178,44,9,Evening,4.1
763,29,Female,Ecuador,3,Comedy,74,57,12,Afternoon,1.1
764,41,Female,Latvia,13,Romance,209,44,9,Afternoon,4.6
765,49,Male,Mali,29,Comedy,227,45,7,Morning,3.0
766,26,Female,Russian Federation,42,Action,180,43,14,Afternoon,1.5
767,69,Female,Italy,42,Romance,74,65,9,Afternoon,1.5
768,36,Female,Andorra,58,Action,135,68,5,Morning,4.7
769,31,Female,Comoros,32,Comedy,158,46,19,Afternoon,1.2
770,23,Female,Saint Pierre and Miquelon,17,Action,119,55,5,Morning,2.5
771,56,Female,Comoros,1,Romance,74,48,5,Evening,2.6
772,50,Male,Nicaragua,8,Horror,106,49,8,Night,2.8
773,48,Female,Montserrat,53,Action,178,46,15,Afternoon,4.8
774,48,Female,Saint Lucia,45,Romance,81,46,7,Afternoon,4.2
775,21,Female,Slovenia,29,Comedy,141,53,11,Night,4.1
776,58,Female,Lao People's Democratic Republic,3,Action,93,43,8,Night,4.0
777,69,Female,Solomon Islands,56,Drama,153,57,9,Morning,3.3
778,58,Female,Iceland,3,Romance,82,46,5,Afternoon,1.6
779,29,Female,Christmas Island,33,Horror,129,57,10,Night,4.2
780,66,Male,Georgia,57,Romance,147,53,10,Afternoon,2.9
781,57,Female,El Salvador,39,Romance,41,53,7,Night,2.7
782,62,Male,Mozambique,6,Horror,37,50,11,Night,1.6
783,69,Female,Samoa,5,Drama,76,37,10,Afternoon,1.5
784,26,Female,Trinidad and Tobago,32,Drama,151,52,13,Night,4.2
785,20,Male,Iceland,21,Drama,102,43,11,Evening,2.2
786,32,Male,Monaco,9,Romance,51,54,8,Night,3.6
787,27,Female,Yemen,54,Romance,150,65,16,Afternoon,3.7
788,17,Male,Uzbekistan,42,Drama,164,56,9,Night,1.6
789,37,Female,Greenland,45,Romance,116,56,6,Evening,3.8
790,54,Female,Madagascar,54,Romance,95,43,10,Evening,3.7
791,27,Male,French Polynesia,40,Comedy,272,42,8,Afternoon,1.4
792,51,Male,Russian Federation,17,Action,40,41,9,Evening,3.5
793,55,Male,Nepal,28,Action,139,43,10,Evening,2.2
794,42,Female,Gabon,46,Horror,239,40,3,Morning,4.3
795,67,Female,Saint Kitts and Nevis,11,Romance,82,53,12,Morning,1.1
796,30,Male,Guatemala,7,Drama,43,58,9,Morning,3.9
797,49,Male,Belgium,18,Action,100,50,11,Evening,4.4
798,46,Female,Saint Vincent and the Grenadines,26,Action,138,45,9,Morning,4.3
799,63,Male,Fiji,17,Drama,81,49,9,Night,2.0
800,14,Male,Bolivia,60,Romance,228,43,9,Afternoon,2.0
801,51,Male,El Salvador,40,Comedy,175,52,8,Night,2.2
802,51,Female,Maldives,37,Comedy,26,44,6,Evening,2.2
803,53,Male,Malta,54,Action,206,58,8,Afternoon,3.0
804,19,Male,Israel,58,Action,67,49,10,Afternoon,1.2
805,46,Male,Costa Rica,7,Comedy,112,63,9,Morning,4.1
806,24,Male,Barbados,20,Horror,62,48,9,Afternoon,2.8
807,70,Female,Cayman Islands,27,Horror,82,50,8,Morning,4.3
808,44,Male,Iceland,34,Romance,16,37,9,Evening,2.6
809,64,Male,British Virgin Islands,10,Drama,19,57,6,Evening,1.9
810,58,Male,Grenada,54,Action,114,52,14,Evening,3.9
811,17,Male,Jersey,12,Romance,204,37,8,Afternoon,2.8
812,55,Female,Solomon Islands,8,Romance,145,60,10,Evening,4.8
813,54,Female,Saint Barthelemy,55,Horror,108,43,4,Morning,3.8
814,50,Male,Belarus,23,Romance,97,44,14,Night,4.9
815,49,Male,Malawi,32,Romance,145,50,12,Night,2.5
816,56,Male,Jordan,38,Drama,180,50,11,Afternoon,3.9
817,38,Female,Equatorial Guinea,14,Horror,209,44,9,Evening,3.0
818,31,Female,United Arab Emirates,53,Action,71,48,5,Morning,4.3
819,36,Female,Pitcairn Islands,21,Horror,77,54,10,Evening,2.6
820,69,Female,Ireland,35,Action,140,44,7,Morning,3.9
821,41,Male,Slovenia,32,Horror,175,43,17,Afternoon,4.6
822,26,Female,Gibraltar,32,Romance,135,58,16,Afternoon,3.9
823,45,Female,Belize,21,Drama,145,55,8,Night,4.4
824,65,Male,Germany,10,Action,253,51,13,Evening,1.3
825,70,Female,El Salvador,12,Action,52,45,16,Afternoon,2.2
826,24,Male,Argentina,43,Romance,43,43,10,Afternoon,2.0
827,36,Male,Congo,11,Romance,143,48,7,Evening,1.4
828,26,Female,Tanzania,54,Romance,89,56,5,Afternoon,4.1
829,45,Female,Kyrgyz Republic,57,Romance,167,42,13,Night,4.7
830,17,Male,Singapore,40,Action,117,53,9,Morning,3.5
831,59,Female,Albania,12,Romance,172,50,10,Morning,2.7
832,13,Male,Kyrgyz Republic,8,Horror,129,53,9,Morning,1.9
833,55,Male,Cyprus,46,Romance,75,51,7,Night,4.8
834,67,Female,Slovakia (Slovak Republic),53,Comedy,52,51,6,Evening,4.4
835,61,Female,Guam,42,Comedy,114,40,9,Night,4.8
836,18,Female,Guadeloupe,54,Comedy,228,45,12,Morning,2.7
837,28,Female,Germany,6,Comedy,76,43,11,Afternoon,4.7
838,44,Male,Qatar,38,Drama,143,57,4,Evening,2.7
839,25,Male,Moldova,39,Drama,126,44,14,Afternoon,3.4
840,16,Female,Afghanistan,42,Drama,139,48,14,Evening,3.8
841,17,Female,Tajikistan,42,Romance,103,50,6,Evening,4.4
842,39,Male,Cuba,16,Horror,121,50,11,Evening,3.5
843,54,Male,French Polynesia,36,Horror,138,60,8,Evening,1.8
844,19,Male,Bouvet Island (Bouvetoya),37,Drama,164,38,11,Night,4.6
845,58,Male,New Zealand,60,Drama,183,57,14,Afternoon,2.7
846,66,Male,Tanzania,43,Drama,147,57,5,Night,3.3
847,53,Male,Mozambique,57,Horror,138,40,10,Morning,4.9
848,50,Female,Hungary,25,Drama,130,55,9,Afternoon,3.7
849,32,Female,Gabon,45,Comedy,157,45,7,Afternoon,4.9
850,25,Female,Iceland,55,Horror,117,46,6,Morning,3.0
851,18,Male,Greece,59,Comedy,62,44,19,Evening,3.1
852,15,Female,Sudan,4,Action,110,56,13,Morning,4.2
853,59,Female,Bouvet Island (Bouvetoya),1,Drama,175,53,12,Morning,1.0
854,60,Female,Lao People's Democratic Republic,53,Action,38,50,9,Afternoon,1.6
855,40,Female,Saint Barthelemy,5,Horror,145,43,12,Morning,1.9
856,50,Female,Qatar,38,Romance,198,39,11,Afternoon,4.5
857,38,Female,British Virgin Islands,4,Horror,168,46,10,Night,2.2
858,60,Male,French Guiana,47,Action,150,61,10,Morning,4.7
859,68,Male,Iran,58,Action,138,57,8,Evening,3.6
860,16,Female,Turks and Caicos Islands,13,Comedy,129,56,8,Evening,1.5
861,37,Male,Solomon Islands,7,Action,103,61,8,Evening,2.8
862,59,Male,Mayotte,59,Horror,87,50,14,Night,3.8
863,19,Male,Netherlands,27,Romance,81,60,10,Night,4.8
864,47,Female,Mali,17,Action,93,48,8,Morning,3.4
865,34,Female,China,13,Romance,210,50,9,Morning,1.5
866,51,Male,Congo,16,Horror,111,44,7,Afternoon,2.1
867,47,Female,Oman,25,Romance,142,44,8,Morning,4.1
868,49,Male,Korea,36,Romance,135,42,11,Evening,2.4
869,38,Female,Myanmar,10,Comedy,199,42,8,Evening,3.6
870,52,Male,Gibraltar,60,Comedy,182,48,6,Night,4.7
871,17,Male,United Arab Emirates,22,Comedy,138,52,10,Morning,2.4
872,52,Male,Saint Lucia,11,Drama,123,47,4,Evening,3.6
873,66,Male,Switzerland,7,Action,172,61,9,Night,1.2
874,63,Female,France,55,Comedy,20,48,10,Evening,3.7
875,30,Male,Pakistan,34,Drama,14,50,13,Morning,2.9
876,68,Male,Djibouti,31,Drama,-23,30,14,Afternoon,3.9
877,24,Male,Bahamas,22,Action,238,53,12,Evening,2.1
878,49,Male,British Virgin Islands,21,Action,122,53,5,Night,1.9
879,25,Male,Ukraine,28,Comedy,137,60,10,Afternoon,2.7
880,28,Female,Wallis and Futuna,52,Horror,38,48,12,Afternoon,3.3
881,46,Male,Ethiopia,1,Romance,57,37,9,Morning,4.5
882,36,Male,Sri Lanka,21,Action,106,42,7,Morning,4.5
883,66,Female,Somalia,4,Drama,210,51,13,Morning,4.5
884,55,Male,Namibia,14,Romance,194,38,15,Morning,4.2
885,27,Male,Qatar,3,Comedy,54,57,10,Morning,3.1
886,20,Male,Palestinian Territory,21,Drama,77,43,11,Night,4.9
887,24,Male,Suriname,49,Comedy,141,50,12,Evening,3.8
888,29,Female,Switzerland,30,Comedy,161,60,14,Evening,1.9
889,39,Female,Greece,51,Drama,231,38,11,Afternoon,3.4
890,55,Female,Palestinian Territory,36,Comedy,26,51,12,Afternoon,4.4
891,50,Male,Mozambique,51,Romance,194,47,8,Evening,2.1
892,52,Male,Mongolia,22,Romance,142,46,9,Evening,4.2
893,61,Male,Bahrain,51,Horror,200,53,10,Night,1.1
894,19,Female,Uganda,8,Comedy,129,52,8,Night,1.7
895,17,Male,Taiwan,37,Drama,73,55,9,Morning,2.5
896,27,Female,Gibraltar,60,Comedy,108,60,4,Night,3.5
897,54,Male,Cameroon,51,Romance,54,62,14,Night,2.3
898,23,Female,Panama,6,Comedy,218,58,6,Evening,5.0
899,36,Female,Bermuda,30,Horror,34,42,10,Afternoon,2.7
900,31,Female,Moldova,25,Romance,121,53,7,Evening,4.9
901,27,Female,Cote d'Ivoire,38,Drama,26,58,7,Night,1.6
902,25,Male,Cote d'Ivoire,20,Romance,69,47,6,Morning,1.5
903,24,Male,Serbia,57,Action,77,53,9,Afternoon,3.4
904,25,Male,Macao,54,Romance,183,51,6,Morning,1.5
905,40,Female,Kenya,55,Horror,45,65,11,Morning,1.8
906,39,Female,Japan,56,Romance,10,48,6,Afternoon,1.7
907,65,Female,Faroe Islands,18,Romance,67,51,8,Night,4.5
908,29,Female,New Caledonia,45,Drama,95,52,10,Afternoon,2.4
909,53,Male,Nauru,10,Romance,115,39,9,Evening,1.1
910,55,Female,Czech Republic,18,Drama,159,48,5,Afternoon,3.1
911,35,Female,South Africa,58,Drama,91,51,6,Afternoon,1.8
912,44,Male,Portugal,42,Action,137,47,9,Night,1.6
913,41,Male,Puerto Rico,44,Comedy,114,48,7,Evening,2.9
914,39,Female,Haiti,25,Drama,42,45,14,Afternoon,2.9
915,59,Female,Saudi Arabia,7,Drama,115,59,8,Night,4.0
916,23,Male,Palau,44,Romance,171,43,11,Morning,2.1
917,18,Male,Cambodia,25,Romance,135,54,7,Morning,4.0
918,23,Female,Benin,49,Romance,151,52,13,Night,2.4
919,31,Female,Bahamas,44,Action,43,62,10,Night,3.5
920,36,Female,French Southern Territories,33,Drama,132,56,7,Morning,4.1
921,19,Male,Tanzania,58,Action,146,50,13,Evening,3.3
922,63,Female,Iraq,37,Romance,100,63,10,Night,3.1
923,25,Female,Nicaragua,56,Action,-48,45,9,Evening,1.1
924,57,Female,Afghanistan,51,Romance,130,36,12,Afternoon,1.3
925,69,Female,Indonesia,43,Horror,82,50,10,Morning,4.3
926,42,Female,Mauritius,38,Action,181,61,6,Night,2.8
927,51,Male,Reunion,57,Romance,128,41,9,Morning,4.7
928,17,Female,Iran,35,Action,219,44,9,Night,2.2
929,38,Female,Saint Vincent and the Grenadines,36,Romance,123,53,11,Evening,4.1
930,48,Female,Ethiopia,18,Horror,235,54,14,Evening,3.3
931,65,Male,Saudi Arabia,24,Drama,67,50,7,Evening,5.0
932,15,Female,Nauru,6,Drama,133,41,7,Evening,3.3
933,22,Female,Wallis and Futuna,45,Romance,138,48,11,Evening,1.9
934,20,Male,American Samoa,36,Drama,130,45,14,Evening,2.2
935,31,Male,Iceland,12,Action,196,56,11,Afternoon,2.7
936,47,Male,Mauritania,47,Drama,173,53,13,Night,1.1
937,49,Female,Cook Islands,21,Drama,74,46,13,Night,2.5
938,24,Female,Belarus,8,Romance,234,49,13,Morning,4.4
939,34,Female,Benin,58,Drama,16,53,6,Morning,2.5
940,60,Male,Saint Helena,60,Action,131,55,6,Night,2.8
941,27,Female,Gabon,56,Drama,49,52,5,Morning,1.4
942,35,Female,Cyprus,25,Romance,206,58,11,Evening,4.4
943,60,Male,Saint Lucia,13,Romance,163,57,10,Morning,1.3
944,28,Male,Yemen,41,Horror,110,54,12,Morning,1.1
945,49,Male,Libyan Arab Jamahiriya,28,Comedy,301,43,11,Afternoon,3.7
946,64,Female,Jordan,7,Horror,106,66,6,Afternoon,1.9
947,47,Male,Bosnia and Herzegovina,6,Drama,115,44,7,Evening,2.0
948,23,Male,Brunei Darussalam,28,Comedy,74,55,12,Evening,4.4
949,38,Male,Sao Tome and Principe,53,Comedy,247,57,5,Afternoon,1.9
950,57,Female,French Southern Territories,60,Comedy,281,49,8,Night,1.2
951,60,Female,Timor-Leste,60,Romance,218,61,12,Evening,4.7
952,16,Female,Egypt,4,Romance,86,63,12,Morning,1.1
953,46,Male,Cuba,45,Drama,127,57,10,Morning,4.8
954,21,Male,Antigua and Barbuda,21,Drama,142,44,10,Evening,1.6
955,63,Female,Zambia,51,Romance,134,58,11,Afternoon,4.4
956,40,Female,Equatorial Guinea,24,Horror,64,60,13,Morning,3.0
957,21,Female,Kazakhstan,22,Horror,27,59,11,Morning,1.2
958,18,Female,Martinique,60,Action,80,50,9,Afternoon,4.3
959,52,Female,Niger,20,Romance,193,63,8,Evening,1.1
960,21,Male,Dominican Republic,36,Action,159,51,9,Night,1.3
961,64,Female,New Caledonia,11,Comedy,94,41,10,Night,4.7
962,45,Male,Djibouti,14,Romance,219,56,11,Morning,1.7
963,44,Female,Trinidad and Tobago,56,Action,54,43,10,Night,4.7
964,26,Male,French Polynesia,5,Horror,128,55,7,Evening,1.1
965,33,Female,Marshall Islands,53,Action,128,57,10,Afternoon,3.8
966,45,Male,Denmark,17,Comedy,-25,35,12,Afternoon,1.7
967,57,Male,Mali,60,Drama,160,49,14,Evening,3.9
968,24,Female,Tonga,33,Horror,117,59,16,Evening,4.2
969,63,Male,Swaziland,23,Drama,99,51,10,Morning,4.2
970,65,Female,Nauru,33,Action,83,44,11,Night,4.6
971,25,Female,Togo,5,Comedy,63,40,7,Evening,3.3
972,14,Male,Netherlands,43,Horror,12,43,8,Afternoon,4.5
973,55,Male,Mozambique,59,Drama,129,56,9,Evening,2.4
974,52,Male,Italy,1,Comedy,5,41,17,Morning,1.6
975,68,Female,Burundi,7,Romance,149,50,9,Morning,1.6
976,45,Female,Latvia,42,Romance,35,56,6,Afternoon,4.5
977,62,Female,Bhutan,17,Horror,82,63,10,Night,2.9
978,23,Male,Western Sahara,12,Drama,96,58,8,Morning,3.6
979,32,Male,Guatemala,50,Horror,56,48,8,Evening,1.2
980,46,Female,Gibraltar,25,Comedy,87,50,7,Evening,1.3
981,56,Female,Swaziland,52,Drama,20,38,10,Night,2.4
982,29,Female,Lithuania,25,Horror,139,33,8,Night,4.1
983,23,Male,Northern Mariana Islands,39,Horror,132,46,8,Evening,3.5
984,49,Female,Cambodia,27,Drama,74,47,8,Afternoon,2.1
985,52,Female,Palestinian Territory,54,Action,184,42,10,Evening,4.6
986,35,Male,Bhutan,43,Drama,124,41,9,Afternoon,2.7
987,20,Female,Spain,38,Drama,122,59,11,Afternoon,2.6
988,27,Male,Guatemala,47,Horror,184,43,11,Morning,1.7
989,26,Female,Guyana,13,Action,108,48,9,Night,3.9
990,64,Female,Namibia,21,Action,115,58,7,Morning,1.9
991,48,Female,Ethiopia,44,Horror,141,47,11,Night,3.4
992,32,Male,Mozambique,6,Romance,133,58,8,Morning,4.7
993,52,Male,Christmas Island,7,Horror,108,57,14,Afternoon,4.9
994,41,Female,Ireland,8,Horror,84,43,9,Afternoon,1.9
995,60,Male,Georgia,11,Drama,116,53,13,Morning,4.9
996,16,Male,Moldova,5,Drama,123,46,11,Morning,4.7
997,31,Female,Philippines,60,Romance,152,56,16,Night,2.0
998,44,Female,Timor-Leste,26,Comedy,-26,48,13,Evening,1.2
999,37,Male,Croatia,28,Action,78,60,12,Afternoon,4.8
1000,36,Female,Congo,54,Romance,161,48,11,Afternoon,4.0
