CustomerID,Age,Gender,Family,VisitFrequency,AverageSpend,FavoriteSection,PaymentMethod,DiscountsUsed,OnlineOrder,Review
1,59,Male,SmallFamily,6,55,Dairy,MobilePayment,1,1,1.2
2,63,Female,Couple,6,53,Dairy,Cash,0,0,2.6
3,67,Male,SmallFamily,8,31,Produce,Cash,0,0,2.5
4,68,Female,LargeFamily,4,101,Produce,CreditCard,0,1,4.7
5,46,Female,SmallFamily,3,76,Dairy,MobilePayment,0,0,2.0
6,63,Female,SmallFamily,5,55,Produce,MobilePayment,1,1,4.1
7,42,Male,Single,2,75,Meat,DebitCard,0,1,3.2
8,21,Female,LargeFamily,4,52,Meat,MobilePayment,0,0,1.6
9,58,Male,SmallFamily,3,23,Dairy,Cash,0,1,4.9
10,28,Male,Single,3,68,Bakery,DebitCard,0,1,3.3
11,39,Female,LargeFamily,3,45,Produce,CreditCard,0,0,1.9
12,51,Female,LargeFamily,2,8,Meat,DebitCard,1,1,4.3
13,61,Male,Single,4,82,Meat,CreditCard,0,1,2.8
14,59,Female,Couple,3,81,Produce,Cash,0,1,3.2
15,32,Female,Single,8,14,Bakery,CreditCard,0,0,2.3
16,61,Female,SmallFamily,4,28,Produce,CreditCard,1,0,4.9
17,51,Female,LargeFamily,1,41,Grocery,MobilePayment,0,1,1.0
18,29,Male,LargeFamily,3,32,Grocery,CreditCard,0,1,3.1
19,48,Female,LargeFamily,8,89,Produce,CreditCard,0,1,2.2
20,27,Male,Couple,6,51,Produce,CreditCard,1,0,3.4
21,43,Male,SmallFamily,5,46,Dairy,CreditCard,0,0,1.5
22,56,Female,SmallFamily,3,61,Dairy,CreditCard,0,1,2.2
23,40,Male,Couple,5,36,Grocery,Cash,0,0,4.2
24,30,Female,SmallFamily,2,49,Dairy,DebitCard,0,0,3.4
25,49,Female,LargeFamily,4,69,Dairy,DebitCard,1,0,2.1
26,61,Female,SmallFamily,3,58,Bakery,CreditCard,0,0,3.2
27,26,Male,Couple,5,54,Produce,DebitCard,0,0,4.8
28,33,Female,LargeFamily,4,70,Produce,Cash,1,0,1.9
29,64,Male,Couple,8,52,Grocery,DebitCard,1,1,2.0
30,53,Female,Couple,1,17,Bakery,DebitCard,1,1,4.1
31,27,Male,Single,8,117,Dairy,Cash,0,0,1.9
32,61,Male,SmallFamily,7,61,Dairy,DebitCard,0,0,5.0
33,49,Male,Single,6,96,Meat,Cash,0,1,1.6
34,46,Female,Single,3,57,Produce,DebitCard,1,0,4.7
35,54,Female,LargeFamily,4,58,Dairy,MobilePayment,0,0,3.9
36,38,Female,SmallFamily,2,16,Produce,MobilePayment,0,0,4.9
37,36,Male,SmallFamily,4,51,Grocery,CreditCard,1,1,4.3
38,28,Male,LargeFamily,4,81,Bakery,MobilePayment,0,0,1.1
39,41,Male,SmallFamily,8,43,Produce,MobilePayment,0,0,2.6
40,59,Female,Single,4,18,Produce,DebitCard,0,1,1.6
41,18,Male,Single,5,36,Dairy,DebitCard,0,0,4.1
42,36,Female,Single,3,39,Meat,DebitCard,1,1,1.4
43,62,Female,SmallFamily,4,31,Bakery,MobilePayment,1,1,4.9
44,55,Male,LargeFamily,4,70,Produce,MobilePayment,0,1,1.9
45,32,Female,LargeFamily,2,53,Meat,Cash,0,0,1.8
46,69,Female,SmallFamily,3,18,Grocery,MobilePayment,0,0,2.2
47,52,Female,Single,2,41,Grocery,Cash,1,1,4.1
48,19,Male,SmallFamily,7,74,Grocery,Cash,0,0,3.5
49,27,Male,SmallFamily,1,37,Meat,CreditCard,0,0,3.4
50,31,Male,LargeFamily,6,88,Meat,Cash,1,1,4.2
51,50,Male,SmallFamily,4,53,Meat,CreditCard,0,1,2.0
52,39,Male,Couple,4,60,Bakery,Cash,1,1,2.4
53,46,Female,SmallFamily,3,49,Dairy,MobilePayment,1,0,4.5
54,26,Male,Couple,1,34,Grocery,Cash,1,0,1.7
55,70,Male,Couple,3,26,Produce,Cash,0,1,2.3
56,59,Male,Single,3,42,Produce,Cash,0,0,4.6
57,70,Female,Couple,2,47,Bakery,Cash,1,0,3.9
58,65,Female,SmallFamily,5,46,Grocery,CreditCard,0,1,4.4
59,35,Male,Couple,3,48,Bakery,MobilePayment,0,0,3.9
60,27,Female,Single,4,79,Produce,CreditCard,0,0,3.3
61,28,Male,Couple,3,56,Grocery,MobilePayment,1,1,2.4
62,40,Male,Couple,5,72,Bakery,MobilePayment,0,0,3.7
63,40,Female,LargeFamily,4,19,Meat,MobilePayment,0,0,2.2
64,65,Male,SmallFamily,2,69,Bakery,MobilePayment,0,0,2.4
65,25,Male,LargeFamily,5,50,Bakery,DebitCard,0,0,1.0
66,18,Female,Single,4,75,Bakery,DebitCard,0,0,2.8
67,49,Male,SmallFamily,2,46,Meat,Cash,0,0,3.0
68,32,Female,Single,1,72,Grocery,CreditCard,0,1,4.1
69,57,Female,Couple,4,37,Meat,MobilePayment,0,0,1.5
70,26,Female,LargeFamily,4,43,Grocery,DebitCard,1,1,3.9
71,23,Female,Couple,2,39,Bakery,Cash,0,0,2.8
72,50,Male,Couple,4,67,Produce,MobilePayment,0,1,2.8
73,60,Male,Single,2,56,Meat,MobilePayment,0,0,2.3
74,25,Female,SmallFamily,4,42,Produce,CreditCard,0,0,2.9
75,55,Male,Single,5,76,Dairy,MobilePayment,0,0,1.1
76,18,Male,Couple,2,63,Dairy,Cash,1,1,3.9
77,44,Male,LargeFamily,4,73,Grocery,MobilePayment,0,0,3.2
78,33,Male,SmallFamily,4,64,Meat,DebitCard,0,0,5.0
79,68,Male,Single,8,68,Dairy,CreditCard,0,1,2.7
80,70,Male,Couple,7,46,Produce,CreditCard,0,0,2.2
81,50,Female,LargeFamily,4,51,Produce,Cash,1,1,2.2
82,38,Male,SmallFamily,4,31,Bakery,Cash,0,0,1.2
83,50,Female,Couple,8,23,Meat,Cash,0,0,4.2
84,46,Male,LargeFamily,0,36,Dairy,Cash,0,0,4.2
85,58,Female,Single,5,-5,Meat,CreditCard,0,1,2.1
86,63,Female,Couple,3,54,Produce,CreditCard,0,0,2.4
87,18,Male,SmallFamily,2,40,Bakery,DebitCard,0,0,4.4
88,21,Female,LargeFamily,3,77,Meat,CreditCard,0,0,2.4
89,51,Male,SmallFamily,5,31,Grocery,CreditCard,0,1,1.4
90,40,Male,LargeFamily,4,55,Dairy,DebitCard,0,0,3.0
91,65,Male,Couple,3,51,Meat,MobilePayment,0,0,2.0
92,48,Female,LargeFamily,2,34,Produce,CreditCard,0,0,2.2
93,29,Female,SmallFamily,8,59,Dairy,Cash,0,1,5.0
94,66,Female,LargeFamily,7,6,Grocery,Cash,0,1,3.1
95,21,Female,Single,8,40,Produce,DebitCard,0,0,3.0
96,41,Female,LargeFamily,4,50,Dairy,DebitCard,0,1,4.2
97,68,Female,LargeFamily,4,49,Grocery,CreditCard,1,0,4.0
98,49,Male,Couple,3,55,Bakery,Cash,0,1,2.5
99,49,Female,LargeFamily,2,53,Produce,DebitCard,0,1,3.9
100,48,Male,Couple,6,56,Meat,CreditCard,0,0,3.5
101,58,Male,SmallFamily,6,9,Bakery,MobilePayment,0,1,2.1
102,46,Female,SmallFamily,1,44,Meat,Cash,0,1,3.1
103,22,Female,SmallFamily,2,20,Produce,MobilePayment,0,1,4.4
104,54,Male,Single,3,42,Dairy,DebitCard,0,0,1.1
105,52,Female,Couple,1,74,Dairy,DebitCard,1,0,1.2
106,31,Female,Couple,4,56,Dairy,Cash,0,1,2.8
107,25,Male,SmallFamily,8,65,Meat,CreditCard,1,1,1.6
108,60,Female,Single,4,47,Meat,CreditCard,0,0,3.3
109,18,Female,LargeFamily,4,66,Meat,Cash,0,0,2.3
110,61,Female,LargeFamily,4,25,Dairy,DebitCard,0,1,1.0
111,64,Female,SmallFamily,6,47,Meat,Cash,0,1,3.8
112,34,Male,SmallFamily,5,72,Produce,MobilePayment,0,0,2.7
113,51,Female,Couple,3,70,Grocery,MobilePayment,0,0,1.4
114,48,Female,Single,4,66,Dairy,Cash,1,0,1.7
115,52,Male,Single,6,66,Dairy,DebitCard,0,1,3.6
116,34,Male,Couple,1,37,Dairy,CreditCard,0,0,4.6
117,18,Male,Single,3,36,Meat,DebitCard,1,1,4.4
118,30,Female,SmallFamily,3,58,Produce,MobilePayment,0,0,3.8
119,21,Female,SmallFamily,8,83,Meat,DebitCard,0,1,3.8
120,59,Male,Single,1,48,Produce,DebitCard,0,1,3.9
121,45,Female,LargeFamily,6,60,Dairy,MobilePayment,1,0,4.5
122,47,Male,Couple,6,74,Dairy,Cash,1,1,4.3
123,62,Male,Couple,3,38,Bakery,MobilePayment,0,1,1.4
124,53,Female,Single,4,81,Grocery,DebitCard,1,0,1.6
125,33,Male,Single,8,56,Produce,DebitCard,0,0,1.2
126,52,Male,Single,5,70,Dairy,CreditCard,0,0,3.9
127,47,Male,LargeFamily,3,76,Meat,MobilePayment,1,0,1.9
128,53,Female,Single,5,35,Bakery,MobilePayment,0,1,1.5
129,59,Male,Couple,3,43,Dairy,Cash,0,1,1.6
130,68,Female,Couple,4,58,Grocery,CreditCard,0,1,1.4
131,70,Female,Single,6,40,Produce,DebitCard,0,0,2.1
132,51,Male,SmallFamily,8,53,Dairy,Cash,0,1,4.9
133,43,Male,Couple,5,20,Dairy,CreditCard,1,0,3.8
134,23,Female,LargeFamily,3,47,Grocery,MobilePayment,0,1,3.0
135,59,Female,Single,3,53,Meat,Cash,0,0,2.7
136,30,Male,Couple,4,59,Grocery,CreditCard,0,1,4.3
137,23,Male,Couple,4,41,Bakery,Cash,1,0,2.9
138,40,Female,LargeFamily,3,30,Dairy,DebitCard,0,0,4.4
139,29,Female,LargeFamily,4,30,Meat,DebitCard,0,0,1.4
140,63,Male,SmallFamily,2,69,Dairy,MobilePayment,0,0,3.3
141,28,Male,Single,9,41,Produce,Cash,0,0,4.2
142,47,Female,LargeFamily,5,31,Bakery,CreditCard,0,1,1.5
143,19,Female,LargeFamily,8,52,Meat,Cash,1,0,2.1
144,50,Male,Single,1,37,Grocery,Cash,0,0,3.3
145,65,Male,LargeFamily,2,57,Meat,Cash,0,0,2.4
146,66,Male,Single,9,16,Bakery,CreditCard,1,0,2.7
147,49,Female,LargeFamily,3,45,Dairy,Cash,1,1,4.0
148,59,Male,Couple,1,14,Meat,CreditCard,1,0,1.8
149,21,Female,LargeFamily,1,47,Produce,CreditCard,0,0,2.9
150,32,Female,LargeFamily,5,80,Bakery,CreditCard,1,0,3.3
151,21,Female,Single,6,69,Meat,MobilePayment,0,0,2.4
152,43,Female,Couple,2,39,Dairy,MobilePayment,1,1,3.3
153,52,Male,Couple,4,28,Grocery,Cash,0,0,4.0
154,35,Female,Couple,3,58,Bakery,Cash,0,0,2.4
155,59,Female,LargeFamily,6,30,Grocery,Cash,0,0,2.0
156,34,Male,LargeFamily,4,64,Meat,CreditCard,1,0,4.7
157,70,Male,Couple,3,67,Meat,CreditCard,0,1,4.0
158,60,Female,Couple,1,44,Produce,CreditCard,0,0,2.0
159,46,Female,Single,2,52,Grocery,CreditCard,0,1,3.3
160,52,Female,LargeFamily,2,93,Bakery,CreditCard,0,1,1.3
161,68,Female,SmallFamily,3,70,Dairy,CreditCard,0,0,1.5
162,66,Male,Couple,6,36,Produce,CreditCard,0,1,4.3
163,59,Female,Couple,7,49,Bakery,MobilePayment,0,0,2.3
164,49,Male,LargeFamily,3,41,Produce,MobilePayment,1,1,2.1
165,47,Male,Couple,4,71,Dairy,MobilePayment,0,0,3.5
166,41,Female,SmallFamily,4,44,Produce,DebitCard,1,0,4.1
167,26,Female,Single,8,55,Grocery,DebitCard,1,0,4.7
168,32,Female,SmallFamily,1,45,Meat,CreditCard,0,0,4.0
169,46,Female,Couple,1,81,Produce,DebitCard,1,0,1.1
170,59,Male,SmallFamily,5,54,Produce,MobilePayment,1,0,2.0
171,61,Male,Single,5,52,Grocery,Cash,0,1,4.3
172,49,Female,Couple,2,20,Produce,Cash,0,1,4.5
173,22,Female,LargeFamily,2,24,Dairy,DebitCard,0,0,5.0
174,40,Male,LargeFamily,1,42,Meat,CreditCard,1,0,1.7
175,44,Female,Couple,1,46,Bakery,MobilePayment,0,0,1.1
176,55,Male,LargeFamily,4,37,Dairy,CreditCard,1,1,3.9
177,59,Male,LargeFamily,7,40,Meat,MobilePayment,0,0,3.2
178,55,Male,Couple,3,90,Grocery,CreditCard,0,0,4.4
179,36,Female,Single,8,44,Dairy,Cash,0,1,3.6
180,28,Female,Single,5,44,Bakery,CreditCard,0,0,4.0
181,19,Female,LargeFamily,4,40,Dairy,MobilePayment,0,0,4.5
182,44,Male,Single,2,68,Produce,DebitCard,0,0,4.1
183,51,Female,LargeFamily,0,25,Grocery,Cash,0,1,3.7
184,45,Female,Couple,4,44,Dairy,Cash,0,0,4.8
185,36,Male,LargeFamily,5,31,Bakery,DebitCard,0,0,1.4
186,45,Male,Couple,6,55,Meat,MobilePayment,0,0,3.2
187,26,Female,LargeFamily,4,11,Dairy,Cash,1,0,1.2
188,34,Male,LargeFamily,1,35,Grocery,Cash,1,1,4.2
189,49,Female,SmallFamily,2,39,Dairy,CreditCard,1,1,3.9
190,22,Female,Couple,4,46,Meat,CreditCard,1,0,3.2
191,38,Male,LargeFamily,3,45,Produce,DebitCard,0,1,3.0
192,44,Male,Couple,4,78,Dairy,Cash,1,1,1.7
193,27,Female,SmallFamily,6,70,Produce,DebitCard,0,0,1.4
194,68,Male,Couple,5,63,Produce,DebitCard,1,0,3.5
195,23,Female,Single,7,9,Produce,MobilePayment,0,0,4.3
196,65,Female,Couple,6,67,Meat,DebitCard,0,0,1.3
197,65,Male,Single,5,67,Dairy,DebitCard,0,1,1.0
198,47,Male,Single,3,43,Dairy,DebitCard,1,0,5.0
199,62,Female,LargeFamily,4,82,Produce,CreditCard,0,0,3.5
200,25,Female,SmallFamily,3,63,Meat,MobilePayment,0,1,3.1
201,19,Male,Couple,4,42,Produce,CreditCard,1,0,3.5
202,64,Female,LargeFamily,4,46,Bakery,DebitCard,0,0,3.6
203,37,Male,LargeFamily,1,-5,Grocery,MobilePayment,0,1,1.7
204,64,Female,SmallFamily,4,47,Grocery,CreditCard,0,0,3.1
205,36,Female,LargeFamily,4,72,Produce,MobilePayment,0,1,1.9
206,45,Female,SmallFamily,6,66,Produce,DebitCard,1,0,3.3
207,56,Male,SmallFamily,3,62,Produce,Cash,1,1,3.3
208,28,Female,Couple,5,51,Bakery,MobilePayment,0,0,4.7
209,48,Female,LargeFamily,4,60,Dairy,MobilePayment,0,0,3.5
210,39,Male,Couple,3,47,Produce,Cash,0,0,1.3
211,49,Male,Single,4,32,Bakery,DebitCard,0,0,1.2
212,66,Female,LargeFamily,1,86,Produce,CreditCard,0,0,4.5
213,55,Male,Couple,3,72,Bakery,Cash,0,1,3.0
214,68,Male,SmallFamily,4,37,Meat,MobilePayment,0,1,2.9
215,66,Male,Couple,4,62,Grocery,Cash,0,0,1.7
216,46,Female,LargeFamily,1,81,Produce,DebitCard,1,0,3.6
217,64,Female,SmallFamily,6,83,Grocery,DebitCard,1,1,1.6
218,22,Female,SmallFamily,5,64,Produce,Cash,1,1,3.7
219,43,Female,LargeFamily,7,85,Bakery,CreditCard,1,1,3.9
220,31,Female,LargeFamily,5,35,Dairy,Cash,0,1,3.5
221,45,Female,SmallFamily,4,54,Grocery,DebitCard,0,1,2.7
222,25,Female,LargeFamily,3,56,Grocery,MobilePayment,0,1,3.9
223,61,Female,SmallFamily,6,64,Grocery,MobilePayment,0,0,1.4
224,43,Female,SmallFamily,1,43,Meat,Cash,0,0,2.0
225,22,Female,LargeFamily,6,52,Dairy,DebitCard,0,0,1.8
226,21,Male,Couple,4,33,Produce,MobilePayment,0,1,3.8
227,29,Female,LargeFamily,5,70,Bakery,CreditCard,0,0,1.1
228,67,Female,LargeFamily,3,43,Grocery,CreditCard,1,0,3.5
229,70,Female,LargeFamily,5,50,Dairy,DebitCard,0,1,3.8
230,55,Female,LargeFamily,5,58,Bakery,MobilePayment,1,1,4.5
231,31,Male,LargeFamily,1,49,Produce,MobilePayment,0,1,2.4
232,42,Female,Single,4,94,Grocery,MobilePayment,1,0,4.9
233,47,Female,SmallFamily,4,52,Dairy,MobilePayment,0,1,4.0
234,64,Female,Couple,3,15,Meat,Cash,1,0,4.6
235,23,Male,LargeFamily,4,68,Produce,DebitCard,0,1,2.3
236,38,Female,Couple,3,37,Produce,Cash,0,1,1.1
237,63,Female,LargeFamily,6,44,Produce,Cash,0,1,1.2
238,61,Female,Single,5,40,Grocery,DebitCard,1,1,4.3
239,23,Male,SmallFamily,1,68,Produce,MobilePayment,1,1,3.5
240,37,Female,Couple,3,22,Produce,MobilePayment,0,0,1.0
241,57,Female,LargeFamily,8,76,Produce,MobilePayment,0,1,3.2
242,53,Male,LargeFamily,7,16,Produce,Cash,1,1,1.6
243,20,Male,Couple,7,37,Grocery,Cash,0,1,3.5
244,33,Female,Single,8,67,Grocery,CreditCard,1,1,3.7
245,18,Male,SmallFamily,4,68,Meat,MobilePayment,0,0,1.2
246,67,Male,Couple,4,19,Meat,Cash,1,0,3.0
247,64,Female,Couple,3,70,Produce,Cash,0,1,2.4
248,65,Female,Couple,6,50,Meat,MobilePayment,0,0,1.9
249,35,Male,Single,3,36,Produce,DebitCard,1,1,4.7
250,26,Female,LargeFamily,3,58,Meat,CreditCard,1,0,3.6
251,54,Female,Couple,6,62,Bakery,DebitCard,1,0,4.6
252,48,Female,LargeFamily,5,37,Bakery,DebitCard,1,0,3.0
253,46,Female,LargeFamily,13,63,Bakery,DebitCard,0,1,3.1
254,19,Male,SmallFamily,5,39,Produce,MobilePayment,0,0,4.5
255,63,Female,Single,8,68,Dairy,Cash,1,1,4.5
256,21,Male,LargeFamily,9,6,Produce,DebitCard,0,1,1.7
257,51,Female,Couple,0,30,Meat,DebitCard,0,1,1.6
258,53,Male,Couple,6,40,Dairy,Cash,0,0,2.5
259,24,Female,Couple,6,43,Produce,MobilePayment,0,0,1.8
260,30,Male,LargeFamily,2,33,Produce,MobilePayment,0,0,1.0
261,54,Female,SmallFamily,3,15,Bakery,Cash,0,0,2.4
262,52,Male,Single,6,70,Meat,DebitCard,1,1,1.9
263,47,Female,SmallFamily,2,62,Bakery,DebitCard,0,1,3.6
264,29,Male,SmallFamily,5,76,Grocery,Cash,1,0,1.6
265,70,Male,Single,4,56,Produce,DebitCard,0,1,4.3
266,45,Male,SmallFamily,5,34,Produce,CreditCard,0,1,1.8
267,62,Male,LargeFamily,5,70,Produce,DebitCard,0,1,2.2
268,30,Female,SmallFamily,3,62,Dairy,MobilePayment,1,0,4.1
269,23,Female,SmallFamily,1,36,Produce,Cash,0,1,3.7
270,51,Female,Single,7,25,Grocery,CreditCard,0,1,1.5
271,68,Male,Single,1,48,Bakery,CreditCard,0,0,3.3
272,56,Male,Couple,2,66,Grocery,CreditCard,1,0,3.5
273,43,Female,LargeFamily,2,25,Produce,DebitCard,0,1,4.2
274,22,Male,Couple,4,28,Bakery,DebitCard,0,0,3.4
275,46,Male,Single,4,42,Grocery,CreditCard,0,0,3.7
276,43,Male,SmallFamily,3,68,Dairy,DebitCard,1,1,3.9
277,54,Male,Couple,6,60,Meat,Cash,0,0,2.1
278,38,Female,Single,7,78,Bakery,CreditCard,0,0,3.9
279,54,Male,LargeFamily,3,38,Dairy,Cash,1,0,3.6
280,20,Female,Single,2,19,Produce,Cash,1,1,3.6
281,32,Female,LargeFamily,5,60,Dairy,Cash,0,0,4.1
282,51,Male,Single,4,42,Produce,Cash,1,0,2.0
283,24,Male,SmallFamily,4,63,Dairy,CreditCard,1,1,4.0
284,18,Female,SmallFamily,6,15,Bakery,MobilePayment,0,1,4.0
285,62,Female,SmallFamily,5,16,Produce,CreditCard,1,0,2.2
286,49,Female,SmallFamily,4,42,Meat,Cash,0,0,3.3
287,53,Male,Single,5,39,Dairy,DebitCard,0,0,2.5
288,27,Male,SmallFamily,3,69,Bakery,CreditCard,0,0,3.6
289,64,Male,Couple,4,63,Dairy,MobilePayment,0,0,2.4
290,50,Female,Single,5,52,Grocery,Cash,1,1,4.0
291,55,Female,Couple,6,78,Produce,Cash,0,0,2.0
292,49,Male,LargeFamily,2,86,Produce,MobilePayment,0,0,2.8
293,47,Female,Couple,6,56,Dairy,DebitCard,1,0,1.3
294,23,Female,Single,4,58,Meat,DebitCard,1,0,2.2
295,18,Female,SmallFamily,4,23,Produce,MobilePayment,0,1,1.6
296,24,Male,LargeFamily,2,62,Bakery,Cash,0,1,1.2
297,40,Female,Couple,3,71,Dairy,DebitCard,0,1,3.0
298,48,Male,LargeFamily,2,58,Dairy,CreditCard,1,1,3.1
299,30,Female,SmallFamily,3,57,Grocery,CreditCard,0,0,2.9
300,68,Male,LargeFamily,6,51,Dairy,DebitCard,0,1,3.3
301,67,Female,Couple,2,38,Bakery,MobilePayment,0,0,4.0
302,48,Female,SmallFamily,4,48,Meat,DebitCard,0,1,2.1
303,54,Male,LargeFamily,3,51,Bakery,CreditCard,0,1,4.1
304,41,Female,SmallFamily,1,43,Dairy,DebitCard,1,0,1.4
305,49,Female,Couple,6,47,Meat,MobilePayment,0,1,1.5
306,60,Female,Couple,5,78,Meat,MobilePayment,1,0,4.0
307,46,Female,Couple,8,38,Dairy,Cash,1,0,2.7
308,42,Male,LargeFamily,4,34,Produce,Cash,0,0,3.3
309,54,Female,Single,7,45,Dairy,MobilePayment,0,1,4.2
310,24,Female,Couple,4,54,Grocery,Cash,0,0,4.3
311,31,Female,SmallFamily,3,14,Meat,Cash,0,0,3.8
312,37,Female,LargeFamily,3,50,Grocery,CreditCard,0,0,3.9
313,46,Male,LargeFamily,5,60,Produce,DebitCard,1,0,2.2
314,19,Male,Single,2,23,Grocery,DebitCard,0,0,5.0
315,26,Female,SmallFamily,6,51,Dairy,MobilePayment,0,0,3.0
316,28,Male,LargeFamily,5,57,Bakery,Cash,1,1,1.4
317,26,Female,LargeFamily,5,28,Dairy,CreditCard,0,1,3.6
318,40,Male,Single,4,93,Bakery,Cash,0,0,3.5
319,58,Male,Single,1,83,Grocery,Cash,0,1,1.5
320,28,Female,LargeFamily,3,49,Meat,Cash,0,0,3.7
321,53,Male,Single,7,26,Meat,CreditCard,0,0,2.3
322,48,Male,LargeFamily,3,31,Meat,DebitCard,0,1,4.3
323,46,Male,Single,4,19,Produce,CreditCard,0,1,3.3
324,32,Male,Couple,3,49,Bakery,DebitCard,0,1,4.3
325,23,Male,SmallFamily,1,45,Bakery,DebitCard,1,0,3.0
326,23,Female,Couple,4,34,Dairy,CreditCard,0,0,2.9
327,64,Female,LargeFamily,6,60,Meat,Cash,0,0,4.5
328,36,Female,Single,3,41,Dairy,MobilePayment,0,1,2.5
329,55,Female,Couple,3,70,Grocery,Cash,1,1,2.2
330,67,Male,LargeFamily,1,55,Produce,MobilePayment,0,1,2.5
331,56,Male,Couple,2,54,Meat,MobilePayment,0,1,3.7
332,33,Male,Couple,11,15,Dairy,MobilePayment,1,1,4.2
333,31,Male,Single,1,55,Dairy,DebitCard,0,1,4.8
334,20,Female,SmallFamily,4,38,Grocery,CreditCard,1,0,4.2
335,58,Male,Couple,3,43,Grocery,DebitCard,0,0,4.5
336,31,Female,Single,2,42,Grocery,DebitCard,0,0,1.5
337,25,Female,LargeFamily,6,38,Meat,CreditCard,0,0,1.6
338,59,Male,Couple,2,28,Dairy,MobilePayment,1,0,2.4
339,33,Male,Single,4,26,Produce,CreditCard,0,0,1.9
340,49,Male,Single,2,55,Meat,CreditCard,1,1,3.6
341,60,Male,Couple,3,49,Meat,DebitCard,1,1,3.2
342,52,Female,Single,1,42,Produce,DebitCard,0,0,1.6
343,50,Female,LargeFamily,4,14,Meat,Cash,1,1,2.7
344,28,Male,LargeFamily,0,40,Grocery,Cash,0,0,2.0
345,47,Male,Couple,8,30,Grocery,Cash,0,1,1.6
346,66,Male,Couple,6,39,Grocery,Cash,0,0,1.4
347,29,Male,Couple,10,46,Produce,Cash,0,0,1.7
348,70,Male,Couple,3,69,Produce,CreditCard,0,1,2.9
349,43,Male,SmallFamily,2,102,Produce,CreditCard,1,0,2.2
350,40,Female,Single,4,67,Bakery,CreditCard,1,1,1.9
351,64,Male,Single,5,45,Produce,DebitCard,1,0,2.4
352,55,Female,Single,6,75,Bakery,Cash,1,1,2.3
353,69,Male,Couple,5,53,Dairy,Cash,1,1,3.5
354,52,Male,LargeFamily,4,44,Meat,MobilePayment,1,1,3.9
355,29,Male,Couple,6,32,Dairy,Cash,0,1,4.7
356,28,Female,LargeFamily,5,56,Grocery,MobilePayment,0,0,2.1
357,33,Female,Single,4,67,Meat,MobilePayment,0,0,1.5
358,47,Male,Single,1,9,Bakery,MobilePayment,0,0,2.1
359,20,Female,Single,2,34,Grocery,CreditCard,0,1,3.4
360,31,Male,SmallFamily,6,25,Grocery,Cash,0,0,3.1
361,40,Female,Couple,3,59,Bakery,CreditCard,0,0,2.3
362,41,Male,SmallFamily,2,61,Bakery,MobilePayment,0,1,2.4
363,40,Male,LargeFamily,7,77,Bakery,MobilePayment,0,1,2.5
364,25,Female,LargeFamily,1,51,Bakery,Cash,0,1,4.4
365,69,Female,SmallFamily,5,57,Dairy,DebitCard,0,1,3.7
366,36,Male,SmallFamily,7,86,Meat,Cash,1,0,1.2
367,54,Male,LargeFamily,3,36,Meat,Cash,0,0,3.9
368,21,Male,Single,4,48,Grocery,MobilePayment,0,1,3.7
369,39,Male,Single,2,67,Dairy,MobilePayment,1,0,1.7
370,53,Female,LargeFamily,6,52,Produce,DebitCard,0,0,4.9
371,50,Male,SmallFamily,6,51,Grocery,DebitCard,0,0,4.8
372,30,Male,Single,6,45,Bakery,MobilePayment,1,1,2.6
373,26,Female,LargeFamily,6,35,Dairy,DebitCard,0,0,1.3
374,25,Female,SmallFamily,4,84,Meat,CreditCard,0,1,4.4
375,56,Female,LargeFamily,10,24,Grocery,DebitCard,1,0,1.1
376,48,Male,LargeFamily,3,35,Bakery,MobilePayment,0,0,2.7
377,48,Male,Single,4,34,Bakery,CreditCard,0,1,1.5
378,26,Male,SmallFamily,4,40,Dairy,Cash,1,0,1.4
379,70,Female,LargeFamily,1,18,Grocery,DebitCard,1,1,2.5
380,36,Female,Single,4,20,Dairy,CreditCard,0,1,1.1
381,52,Male,Couple,1,16,Dairy,DebitCard,1,1,1.9
382,30,Male,LargeFamily,5,74,Grocery,Cash,1,0,2.0
383,21,Male,Couple,4,81,Grocery,MobilePayment,0,1,2.1
384,35,Female,LargeFamily,7,90,Bakery,MobilePayment,1,0,4.3
385,59,Male,LargeFamily,3,56,Meat,CreditCard,0,1,1.2
386,42,Male,SmallFamily,3,73,Bakery,DebitCard,0,1,4.9
387,63,Female,Couple,5,85,Grocery,Cash,0,0,2.4
388,19,Female,Couple,3,56,Meat,CreditCard,0,0,4.2
389,48,Male,SmallFamily,5,56,Dairy,MobilePayment,0,1,4.3
390,28,Male,Single,8,35,Meat,CreditCard,0,0,2.3
391,29,Male,Single,5,21,Grocery,DebitCard,1,1,3.6
392,28,Female,Single,3,50,Grocery,CreditCard,0,1,2.4
393,19,Male,LargeFamily,7,77,Grocery,DebitCard,0,0,4.7
394,37,Female,SmallFamily,5,41,Meat,DebitCard,0,0,1.1
395,25,Male,LargeFamily,3,62,Bakery,MobilePayment,0,0,1.8
396,30,Male,SmallFamily,8,60,Grocery,DebitCard,0,0,1.7
397,29,Male,SmallFamily,5,93,Bakery,Cash,1,1,4.1
398,24,Male,Single,8,85,Bakery,MobilePayment,0,0,3.2
399,31,Female,SmallFamily,7,58,Dairy,Cash,0,0,1.6
400,61,Male,LargeFamily,5,114,Produce,CreditCard,1,0,3.5
401,43,Female,SmallFamily,3,59,Produce,Cash,0,0,4.3
402,50,Male,Couple,5,28,Meat,Cash,0,1,4.8
403,63,Female,Couple,4,68,Produce,CreditCard,0,0,2.2
404,26,Female,LargeFamily,6,55,Grocery,MobilePayment,1,0,4.9
405,28,Male,SmallFamily,10,52,Meat,DebitCard,0,0,2.9
406,37,Female,Single,2,18,Meat,CreditCard,0,1,2.5
407,42,Male,SmallFamily,5,44,Bakery,DebitCard,0,1,4.2
408,29,Male,SmallFamily,8,55,Grocery,DebitCard,1,1,4.2
409,49,Male,SmallFamily,3,38,Meat,CreditCard,0,0,2.5
410,58,Male,LargeFamily,4,49,Meat,DebitCard,0,1,2.6
411,40,Female,SmallFamily,4,58,Dairy,CreditCard,0,0,2.4
412,49,Male,Single,4,52,Grocery,DebitCard,1,0,4.0
413,52,Female,Couple,3,42,Bakery,MobilePayment,0,1,2.6
414,41,Female,LargeFamily,4,55,Dairy,Cash,0,0,1.8
415,28,Female,SmallFamily,4,84,Dairy,Cash,1,0,1.8
416,54,Male,Single,8,24,Produce,DebitCard,0,1,1.8
417,31,Male,SmallFamily,5,49,Meat,Cash,0,0,1.3
418,24,Male,Single,3,35,Bakery,CreditCard,1,1,2.6
419,39,Male,Single,4,16,Meat,MobilePayment,0,1,2.0
420,63,Female,Single,6,58,Produce,MobilePayment,0,1,2.8
421,69,Male,LargeFamily,8,32,Produce,CreditCard,0,1,2.7
422,27,Male,Single,1,17,Bakery,CreditCard,0,0,4.1
423,34,Male,Single,3,21,Bakery,MobilePayment,0,1,4.3
424,49,Male,Single,1,53,Dairy,Cash,0,0,4.1
425,37,Female,SmallFamily,3,57,Meat,DebitCard,0,0,4.0
426,22,Female,Single,3,38,Meat,CreditCard,0,0,1.7
427,51,Male,LargeFamily,7,29,Dairy,DebitCard,0,1,3.8
428,55,Female,LargeFamily,4,-4,Grocery,DebitCard,0,0,4.7
429,30,Female,LargeFamily,4,19,Bakery,Cash,0,1,1.4
430,66,Female,Single,7,51,Dairy,CreditCard,1,1,4.5
431,26,Female,SmallFamily,3,70,Meat,DebitCard,1,1,2.1
432,37,Male,LargeFamily,1,22,Grocery,DebitCard,1,1,3.0
433,51,Female,LargeFamily,6,13,Dairy,CreditCard,0,1,1.8
434,19,Male,LargeFamily,3,43,Grocery,CreditCard,0,1,4.6
435,32,Female,Couple,4,60,Grocery,DebitCard,0,0,4.6
436,27,Female,LargeFamily,2,78,Meat,Cash,0,1,1.8
437,41,Male,Couple,8,83,Produce,CreditCard,0,1,1.6
438,51,Male,LargeFamily,3,58,Produce,MobilePayment,1,0,1.0
439,27,Male,LargeFamily,5,34,Bakery,DebitCard,0,1,2.6
440,70,Male,Couple,7,9,Meat,Cash,1,0,4.5
441,29,Male,Single,4,55,Dairy,DebitCard,0,0,3.3
442,26,Female,LargeFamily,4,56,Meat,Cash,0,1,1.1
443,70,Male,Single,5,58,Produce,CreditCard,0,0,2.7
444,67,Male,SmallFamily,5,74,Meat,DebitCard,0,0,4.1
445,47,Female,Single,5,55,Grocery,DebitCard,0,0,1.5
446,59,Female,Couple,4,31,Meat,Cash,0,0,5.0
447,27,Male,Couple,3,33,Bakery,MobilePayment,0,1,3.2
448,56,Female,LargeFamily,1,36,Meat,MobilePayment,0,1,3.8
449,69,Male,Single,3,35,Grocery,DebitCard,0,0,2.3
450,28,Female,Couple,1,66,Dairy,Cash,0,0,2.1
451,69,Male,LargeFamily,4,74,Produce,Cash,0,0,1.8
452,27,Male,LargeFamily,1,54,Meat,Cash,0,0,3.7
453,19,Female,SmallFamily,2,71,Meat,CreditCard,0,0,2.6
454,54,Male,Couple,6,40,Meat,MobilePayment,0,0,4.7
455,19,Male,SmallFamily,5,69,Grocery,CreditCard,0,1,3.8
456,20,Female,SmallFamily,4,53,Dairy,MobilePayment,0,0,4.3
457,56,Male,Couple,2,59,Bakery,MobilePayment,1,0,4.0
458,62,Female,SmallFamily,3,101,Bakery,Cash,0,1,3.5
459,21,Female,Single,7,101,Grocery,Cash,1,1,1.5
460,18,Female,LargeFamily,6,46,Meat,DebitCard,0,1,4.0
461,34,Female,LargeFamily,6,58,Bakery,CreditCard,0,0,1.6
462,46,Female,Single,3,49,Produce,CreditCard,0,1,4.6
463,20,Female,Single,2,36,Meat,Cash,1,1,1.8
464,70,Male,LargeFamily,4,61,Bakery,MobilePayment,1,1,4.3
465,66,Male,SmallFamily,4,59,Produce,Cash,0,0,2.8
466,51,Female,SmallFamily,1,52,Dairy,CreditCard,1,1,2.0
467,68,Male,SmallFamily,5,51,Meat,CreditCard,1,0,3.7
468,27,Male,SmallFamily,2,57,Grocery,CreditCard,0,0,3.2
469,62,Female,Couple,2,60,Produce,DebitCard,0,0,4.3
470,35,Male,Couple,2,60,Grocery,MobilePayment,0,0,3.4
471,44,Male,Couple,11,56,Meat,CreditCard,1,0,4.0
472,19,Male,Couple,9,48,Dairy,DebitCard,0,0,3.7
473,34,Male,Couple,1,57,Dairy,CreditCard,0,1,4.5
474,27,Female,SmallFamily,4,67,Grocery,MobilePayment,0,0,3.6
475,51,Male,Couple,3,20,Dairy,Cash,0,0,3.1
476,29,Female,Single,0,29,Produce,Cash,0,0,3.1
477,61,Female,SmallFamily,2,67,Meat,Cash,1,0,1.7
478,23,Male,LargeFamily,4,72,Dairy,Cash,1,0,4.1
479,19,Male,Couple,5,94,Bakery,CreditCard,0,1,4.9
480,58,Male,Couple,1,62,Produce,DebitCard,0,0,2.8
481,49,Female,LargeFamily,1,84,Produce,DebitCard,0,0,2.0
482,46,Female,Couple,2,65,Grocery,MobilePayment,1,0,3.8
483,33,Male,Couple,3,47,Meat,DebitCard,0,0,2.3
484,52,Female,Couple,2,44,Meat,Cash,0,0,4.1
485,40,Female,Single,2,53,Produce,DebitCard,1,1,1.7
486,21,Female,LargeFamily,6,59,Bakery,DebitCard,0,1,3.9
487,37,Female,SmallFamily,2,64,Grocery,MobilePayment,0,1,1.9
488,23,Male,Couple,9,13,Produce,MobilePayment,1,0,3.9
489,64,Male,SmallFamily,6,49,Produce,MobilePayment,0,1,1.6
490,22,Female,Single,2,79,Produce,MobilePayment,1,1,1.8
491,65,Female,Couple,2,57,Produce,CreditCard,0,1,2.8
492,61,Female,LargeFamily,6,62,Produce,DebitCard,0,0,2.4
493,35,Female,LargeFamily,8,43,Dairy,DebitCard,1,0,3.6
494,36,Female,SmallFamily,4,37,Dairy,CreditCard,1,1,3.0
495,51,Female,LargeFamily,4,65,Meat,MobilePayment,0,0,4.4
496,45,Male,LargeFamily,4,42,Meat,DebitCard,0,0,4.6
497,23,Male,SmallFamily,2,39,Produce,CreditCard,1,1,1.0
498,65,Male,Couple,3,74,Grocery,DebitCard,0,0,1.9
499,37,Female,LargeFamily,3,34,Meat,Cash,0,1,1.5
500,34,Male,Couple,6,48,Grocery,DebitCard,1,1,1.8
501,19,Male,Single,5,54,Bakery,MobilePayment,0,0,4.4
502,19,Female,Couple,3,34,Grocery,CreditCard,0,1,4.4
503,65,Male,SmallFamily,3,20,Bakery,DebitCard,0,1,4.6
504,24,Female,Couple,3,38,Bakery,DebitCard,0,1,1.9
505,22,Male,LargeFamily,3,55,Dairy,MobilePayment,0,0,4.5
506,40,Male,SmallFamily,3,36,Bakery,CreditCard,0,1,3.1
507,58,Male,Single,1,43,Produce,DebitCard,0,1,2.3
508,22,Female,Couple,1,21,Grocery,Cash,0,0,4.3
509,45,Male,Single,3,33,Produce,MobilePayment,0,0,1.2
510,59,Male,Single,4,40,Meat,MobilePayment,1,0,4.7
511,56,Female,Single,4,72,Meat,MobilePayment,1,0,1.1
512,30,Female,Couple,2,10,Dairy,CreditCard,1,0,1.1
513,19,Male,Couple,4,58,Produce,DebitCard,0,0,2.8
514,58,Male,SmallFamily,4,51,Produce,Cash,0,1,5.0
515,48,Male,SmallFamily,4,64,Bakery,MobilePayment,1,0,1.6
516,33,Male,Single,4,24,Meat,MobilePayment,1,1,1.4
517,39,Male,LargeFamily,4,6,Grocery,Cash,1,1,1.1
518,69,Female,Couple,6,67,Grocery,Cash,1,0,4.9
519,62,Male,LargeFamily,1,30,Grocery,CreditCard,0,0,1.8
520,68,Female,Couple,8,62,Bakery,CreditCard,0,0,2.9
521,53,Female,Couple,2,30,Grocery,MobilePayment,0,1,1.9
522,28,Female,Couple,3,14,Produce,Cash,0,1,4.9
523,18,Male,SmallFamily,4,58,Bakery,CreditCard,1,0,3.3
524,27,Female,Couple,6,52,Dairy,MobilePayment,0,0,3.4
525,19,Female,Couple,3,60,Grocery,MobilePayment,1,0,3.9
526,53,Female,Couple,8,7,Dairy,CreditCard,1,1,3.4
527,24,Female,Couple,4,93,Produce,CreditCard,0,0,1.7
528,48,Female,SmallFamily,4,66,Produce,Cash,0,0,2.1
529,35,Female,LargeFamily,4,31,Dairy,CreditCard,0,1,1.2
530,22,Female,Couple,4,43,Bakery,CreditCard,0,0,4.2
531,70,Male,Couple,5,61,Dairy,DebitCard,0,1,4.8
532,59,Male,Couple,8,40,Grocery,CreditCard,1,0,1.7
533,31,Female,LargeFamily,5,54,Bakery,CreditCard,1,0,3.4
534,60,Female,LargeFamily,6,47,Bakery,CreditCard,1,1,2.0
535,65,Female,SmallFamily,2,48,Meat,Cash,1,0,1.1
536,65,Female,LargeFamily,5,60,Meat,MobilePayment,0,0,4.0
537,61,Male,Single,5,62,Produce,Cash,1,0,4.3
538,37,Male,LargeFamily,5,59,Bakery,DebitCard,1,0,2.8
539,68,Male,LargeFamily,3,53,Grocery,CreditCard,0,0,4.9
540,65,Female,LargeFamily,2,75,Meat,Cash,0,0,4.0
541,61,Male,LargeFamily,6,13,Bakery,DebitCard,0,0,4.1
542,36,Female,Couple,3,61,Meat,DebitCard,0,1,1.0
543,27,Female,Couple,6,100,Meat,MobilePayment,0,1,3.7
544,55,Female,LargeFamily,3,22,Produce,CreditCard,1,0,1.7
545,40,Male,LargeFamily,7,69,Grocery,MobilePayment,0,1,2.2
546,63,Female,LargeFamily,6,65,Dairy,MobilePayment,0,1,2.9
547,40,Male,Couple,3,69,Produce,MobilePayment,0,1,3.5
548,27,Female,Couple,2,58,Dairy,Cash,0,0,4.6
549,31,Male,Couple,4,79,Bakery,Cash,0,1,3.4
550,54,Male,SmallFamily,6,30,Grocery,MobilePayment,1,0,3.1
551,62,Male,Single,6,58,Bakery,Cash,0,1,2.5
552,55,Female,Couple,1,70,Meat,Cash,0,1,2.7
553,62,Female,Single,3,21,Produce,DebitCard,0,0,4.6
554,35,Female,Single,5,62,Dairy,DebitCard,1,1,4.0
555,58,Female,LargeFamily,2,24,Dairy,MobilePayment,0,0,1.2
556,32,Male,SmallFamily,3,63,Meat,MobilePayment,1,1,4.3
557,27,Female,Couple,5,63,Grocery,MobilePayment,0,1,1.3
558,49,Male,SmallFamily,3,36,Bakery,CreditCard,0,1,3.1
559,50,Male,Single,1,33,Produce,CreditCard,0,0,2.4
560,31,Male,SmallFamily,4,53,Dairy,MobilePayment,1,1,2.1
561,40,Female,SmallFamily,5,51,Meat,CreditCard,0,1,3.9
562,60,Female,Couple,5,73,Grocery,DebitCard,1,1,4.2
563,31,Male,LargeFamily,4,102,Bakery,Cash,0,1,3.3
564,26,Male,SmallFamily,7,77,Bakery,DebitCard,0,1,3.5
565,55,Female,LargeFamily,6,58,Bakery,CreditCard,0,1,4.3
566,48,Female,Couple,4,71,Bakery,DebitCard,1,0,2.1
567,64,Male,Couple,3,49,Meat,MobilePayment,1,0,3.8
568,63,Female,Couple,3,11,Bakery,CreditCard,0,1,2.6
569,55,Female,Couple,5,57,Bakery,DebitCard,0,0,4.5
570,55,Male,Couple,4,63,Grocery,CreditCard,0,0,1.5
571,52,Female,Couple,6,24,Grocery,Cash,0,0,2.2
572,21,Male,Single,3,57,Meat,DebitCard,0,1,3.1
573,70,Female,SmallFamily,3,57,Bakery,MobilePayment,1,1,3.2
574,48,Female,Single,9,62,Produce,Cash,1,0,4.0
575,30,Female,SmallFamily,4,79,Bakery,MobilePayment,0,0,1.7
576,25,Female,Single,2,62,Meat,CreditCard,0,0,2.3
577,66,Female,Single,7,33,Produce,DebitCard,1,0,3.9
578,22,Male,Couple,6,51,Bakery,Cash,0,0,2.0
579,18,Female,SmallFamily,2,33,Produce,MobilePayment,1,0,1.1
580,50,Male,Single,3,63,Bakery,DebitCard,0,0,3.6
581,35,Male,SmallFamily,4,86,Produce,DebitCard,0,0,3.0
582,34,Female,Couple,3,60,Meat,Cash,0,0,4.5
583,41,Male,Single,5,51,Produce,MobilePayment,0,0,4.7
584,28,Female,SmallFamily,4,44,Bakery,DebitCard,0,0,3.5
585,22,Male,Couple,4,35,Meat,DebitCard,0,0,4.4
586,42,Male,Couple,3,70,Grocery,MobilePayment,1,0,2.4
587,69,Male,Couple,4,2,Produce,DebitCard,1,1,1.3
588,52,Female,Couple,4,69,Dairy,CreditCard,1,1,4.3
589,24,Female,SmallFamily,2,49,Produce,CreditCard,0,1,4.6
590,63,Female,SmallFamily,5,97,Grocery,CreditCard,1,0,3.0
591,38,Male,Single,3,47,Grocery,CreditCard,1,1,4.8
592,41,Male,Couple,7,42,Bakery,Cash,1,0,1.1
593,26,Male,Single,2,40,Grocery,CreditCard,1,1,3.2
594,68,Male,SmallFamily,2,52,Grocery,MobilePayment,0,1,2.3
595,38,Male,LargeFamily,4,41,Grocery,MobilePayment,0,1,3.4
596,59,Female,LargeFamily,5,24,Meat,CreditCard,0,1,3.9
597,48,Female,Couple,9,70,Grocery,MobilePayment,0,0,2.8
598,45,Female,Couple,2,25,Grocery,Cash,0,0,3.3
599,38,Male,LargeFamily,4,7,Dairy,MobilePayment,0,1,3.3
600,41,Male,Single,5,54,Meat,MobilePayment,0,1,4.9
601,54,Male,Couple,3,47,Grocery,DebitCard,1,0,3.2
602,25,Male,Single,8,69,Produce,MobilePayment,1,0,3.1
603,25,Female,LargeFamily,3,83,Meat,Cash,0,1,4.9
604,43,Male,Couple,4,41,Dairy,CreditCard,0,0,2.3
605,61,Male,Couple,1,54,Meat,MobilePayment,1,0,4.1
606,67,Female,Couple,3,30,Bakery,MobilePayment,0,1,3.6
607,57,Female,Single,5,69,Bakery,Cash,0,0,2.3
608,21,Male,Single,3,55,Meat,CreditCard,0,1,4.2
609,34,Female,Couple,5,73,Bakery,DebitCard,1,1,4.6
610,49,Female,SmallFamily,3,56,Bakery,DebitCard,0,0,3.3
611,61,Female,SmallFamily,2,74,Meat,MobilePayment,0,0,3.4
612,25,Female,Single,6,38,Grocery,CreditCard,0,1,1.6
613,21,Male,Single,3,76,Grocery,MobilePayment,1,1,3.5
614,69,Male,Single,5,67,Meat,CreditCard,0,0,3.2
615,41,Male,Single,6,38,Produce,MobilePayment,1,1,2.5
616,21,Female,Couple,4,9,Meat,CreditCard,1,1,2.2
617,20,Male,LargeFamily,2,14,Bakery,Cash,0,0,2.1
618,53,Female,Couple,4,75,Dairy,DebitCard,0,0,3.2
619,47,Female,Couple,2,40,Grocery,Cash,0,0,4.8
620,60,Male,LargeFamily,3,41,Bakery,CreditCard,0,0,1.8
621,62,Male,LargeFamily,4,51,Produce,Cash,0,0,3.9
622,41,Female,Single,6,43,Produce,MobilePayment,0,0,2.9
623,26,Female,Single,1,66,Dairy,DebitCard,0,1,2.6
624,67,Male,SmallFamily,0,51,Produce,MobilePayment,0,1,4.3
625,68,Male,Single,4,10,Bakery,MobilePayment,0,0,2.1
626,47,Male,Single,4,37,Dairy,CreditCard,1,1,2.3
627,27,Male,Single,6,43,Bakery,CreditCard,0,0,2.2
628,44,Male,Couple,1,47,Bakery,CreditCard,0,0,2.0
629,36,Female,Couple,4,36,Meat,Cash,0,1,5.0
630,66,Male,Single,4,76,Grocery,MobilePayment,0,0,4.2
631,32,Female,Couple,6,45,Meat,DebitCard,0,0,1.5
632,40,Male,LargeFamily,6,51,Produce,MobilePayment,0,0,1.4
633,41,Female,Single,10,52,Produce,MobilePayment,0,0,3.2
634,35,Female,SmallFamily,6,59,Grocery,CreditCard,0,0,2.6
635,46,Male,Single,2,75,Produce,MobilePayment,1,1,3.3
636,21,Male,Couple,2,35,Produce,Cash,0,0,1.3
637,20,Female,Couple,2,32,Dairy,MobilePayment,0,1,2.9
638,38,Female,Couple,2,60,Meat,Cash,0,0,3.6
639,30,Male,Single,0,60,Dairy,DebitCard,1,0,2.1
640,68,Male,Single,4,81,Bakery,CreditCard,0,0,3.6
641,45,Female,SmallFamily,6,48,Meat,Cash,0,0,1.1
642,38,Female,SmallFamily,4,46,Bakery,DebitCard,0,0,3.6
643,58,Male,LargeFamily,3,40,Produce,DebitCard,0,0,2.7
644,20,Female,Single,3,40,Meat,MobilePayment,0,0,2.8
645,47,Male,Couple,2,54,Dairy,Cash,0,0,1.9
646,47,Male,LargeFamily,5,45,Meat,Cash,1,0,2.7
647,59,Male,SmallFamily,3,46,Dairy,DebitCard,1,0,3.0
648,22,Male,SmallFamily,4,53,Produce,Cash,1,1,4.1
649,55,Male,Couple,6,28,Grocery,MobilePayment,0,0,4.4
650,27,Female,Couple,2,38,Grocery,DebitCard,0,1,4.6
651,35,Male,LargeFamily,5,56,Grocery,CreditCard,0,1,4.3
652,37,Male,SmallFamily,2,64,Grocery,CreditCard,1,0,2.9
653,43,Male,Single,5,47,Dairy,Cash,0,0,2.5
654,41,Male,Couple,4,57,Produce,MobilePayment,0,1,3.8
655,30,Male,SmallFamily,3,29,Grocery,DebitCard,0,1,3.8
656,50,Male,Couple,1,22,Produce,MobilePayment,0,0,3.7
657,44,Male,SmallFamily,6,-19,Meat,CreditCard,0,1,4.2
658,60,Female,Couple,4,27,Dairy,Cash,0,1,1.0
659,33,Female,Couple,6,60,Meat,MobilePayment,1,1,3.7
660,33,Male,SmallFamily,7,14,Dairy,DebitCard,1,1,4.8
661,36,Male,Single,8,18,Grocery,Cash,0,0,4.6
662,26,Female,Couple,4,27,Bakery,CreditCard,0,0,3.8
663,39,Female,LargeFamily,3,62,Dairy,MobilePayment,0,0,3.1
664,23,Female,SmallFamily,8,27,Meat,CreditCard,0,0,3.4
665,62,Male,LargeFamily,1,44,Grocery,DebitCard,1,1,4.8
666,62,Female,SmallFamily,3,56,Dairy,CreditCard,1,0,4.9
667,29,Female,SmallFamily,7,39,Produce,CreditCard,0,1,2.1
668,49,Female,LargeFamily,3,67,Meat,Cash,0,0,1.5
669,34,Male,Single,8,39,Dairy,Cash,0,0,4.6
670,21,Male,Single,4,68,Meat,DebitCard,1,0,3.3
671,60,Female,SmallFamily,3,35,Produce,MobilePayment,1,0,1.1
672,47,Female,SmallFamily,6,53,Dairy,Cash,1,1,2.4
673,70,Male,SmallFamily,6,51,Meat,Cash,0,0,3.0
674,64,Female,SmallFamily,4,22,Produce,Cash,0,1,3.5
675,64,Male,SmallFamily,3,79,Bakery,CreditCard,0,0,2.3
676,24,Male,SmallFamily,3,55,Grocery,CreditCard,1,1,5.0
677,18,Female,Single,6,55,Bakery,DebitCard,0,1,3.8
678,69,Male,LargeFamily,3,82,Meat,Cash,0,1,4.4
679,60,Female,SmallFamily,4,16,Meat,CreditCard,1,0,1.9
680,34,Female,Couple,5,50,Meat,DebitCard,1,0,2.2
681,66,Male,Couple,6,30,Grocery,Cash,0,0,3.6
682,18,Male,Single,5,63,Grocery,CreditCard,0,1,1.2
683,18,Male,LargeFamily,2,49,Meat,MobilePayment,1,0,3.9
684,40,Male,SmallFamily,5,63,Produce,MobilePayment,0,0,3.0
685,28,Male,Couple,4,54,Bakery,Cash,1,1,3.2
686,27,Female,SmallFamily,1,10,Meat,Cash,0,1,3.2
687,58,Female,LargeFamily,2,41,Dairy,Cash,1,0,2.9
688,47,Female,LargeFamily,3,57,Bakery,DebitCard,1,0,1.8
689,66,Male,SmallFamily,7,40,Dairy,DebitCard,0,0,1.8
690,32,Male,SmallFamily,4,48,Produce,CreditCard,0,1,4.0
691,45,Female,Couple,2,36,Meat,CreditCard,0,0,1.7
692,58,Male,LargeFamily,5,25,Dairy,DebitCard,1,1,4.7
693,22,Male,LargeFamily,6,46,Meat,DebitCard,0,0,3.2
694,52,Male,Couple,7,58,Grocery,MobilePayment,0,0,1.9
695,35,Male,Single,5,58,Dairy,DebitCard,0,1,3.1
696,27,Female,SmallFamily,5,40,Meat,MobilePayment,0,0,5.0
697,68,Male,SmallFamily,4,52,Bakery,MobilePayment,0,0,4.6
698,52,Female,Couple,5,36,Bakery,MobilePayment,0,1,2.0
699,64,Male,Single,0,21,Grocery,DebitCard,0,1,1.0
700,60,Female,LargeFamily,1,36,Grocery,DebitCard,0,0,1.5
701,63,Female,LargeFamily,1,59,Grocery,Cash,0,1,3.4
702,23,Female,Single,4,26,Meat,DebitCard,1,1,3.4
703,54,Female,Single,4,33,Bakery,Cash,0,1,2.2
704,25,Female,Single,1,25,Produce,Cash,1,0,4.2
705,45,Female,SmallFamily,6,25,Meat,MobilePayment,0,0,4.5
706,42,Male,SmallFamily,4,48,Grocery,DebitCard,1,1,2.5
707,32,Male,Single,2,80,Grocery,DebitCard,1,0,1.8
708,38,Male,Couple,6,68,Grocery,CreditCard,1,1,1.9
709,22,Male,SmallFamily,3,36,Dairy,DebitCard,0,0,1.4
710,48,Female,SmallFamily,8,45,Dairy,MobilePayment,1,0,4.7
711,48,Male,Single,4,44,Bakery,DebitCard,0,1,3.1
712,69,Male,SmallFamily,5,85,Meat,DebitCard,0,0,2.6
713,49,Male,Couple,4,47,Meat,CreditCard,1,0,2.7
714,54,Male,Single,2,62,Bakery,Cash,1,0,1.0
715,22,Female,LargeFamily,4,54,Produce,CreditCard,1,0,1.3
716,19,Female,Single,7,36,Grocery,MobilePayment,1,0,2.5
717,44,Male,LargeFamily,8,43,Dairy,Cash,1,1,3.6
718,34,Female,LargeFamily,1,68,Produce,Cash,1,0,1.7
719,18,Female,SmallFamily,2,18,Meat,CreditCard,0,0,2.0
720,24,Male,LargeFamily,4,45,Bakery,MobilePayment,1,0,4.6
721,62,Female,LargeFamily,6,81,Grocery,DebitCard,1,0,1.4
722,66,Male,Single,5,37,Grocery,MobilePayment,1,0,3.7
723,49,Male,Couple,5,56,Meat,CreditCard,0,0,3.7
724,70,Female,Single,3,67,Produce,Cash,0,0,1.1
725,48,Male,LargeFamily,4,65,Meat,CreditCard,1,0,3.1
726,50,Male,LargeFamily,3,73,Grocery,CreditCard,1,1,3.3
727,57,Male,LargeFamily,2,78,Dairy,DebitCard,0,1,1.6
728,42,Female,Couple,1,56,Dairy,Cash,0,1,4.4
729,24,Female,Couple,2,21,Produce,DebitCard,0,0,3.2
730,50,Female,Single,1,74,Produce,MobilePayment,0,0,2.4
731,31,Male,Single,9,59,Grocery,Cash,1,0,1.4
732,44,Male,Couple,1,72,Meat,Cash,0,0,4.9
733,29,Male,Single,4,78,Bakery,MobilePayment,0,1,1.7
734,68,Male,SmallFamily,4,23,Meat,DebitCard,1,0,3.0
735,33,Male,Couple,5,43,Dairy,DebitCard,0,0,2.3
736,25,Male,LargeFamily,3,38,Meat,CreditCard,0,1,1.2
737,33,Male,Single,9,64,Bakery,MobilePayment,1,0,1.1
738,45,Female,SmallFamily,4,46,Meat,DebitCard,0,1,4.5
739,61,Female,Couple,3,58,Grocery,MobilePayment,1,0,3.7
740,69,Female,Single,8,32,Dairy,MobilePayment,0,1,3.3
741,63,Female,LargeFamily,2,44,Grocery,DebitCard,0,1,3.7
742,43,Male,SmallFamily,1,54,Meat,MobilePayment,1,0,3.0
743,48,Male,LargeFamily,4,56,Grocery,MobilePayment,1,1,4.6
744,29,Male,Single,0,20,Bakery,MobilePayment,0,0,4.3
745,21,Female,SmallFamily,3,47,Bakery,DebitCard,0,0,4.2
746,42,Female,LargeFamily,4,69,Bakery,DebitCard,0,0,3.9
747,19,Male,Single,7,28,Meat,Cash,1,1,1.9
748,57,Male,Couple,3,35,Dairy,DebitCard,0,1,3.2
749,59,Female,Single,2,45,Bakery,MobilePayment,1,1,3.7
750,43,Male,Single,5,53,Produce,CreditCard,1,1,2.7
751,20,Female,Single,5,41,Bakery,CreditCard,0,0,3.3
752,20,Female,Couple,6,45,Dairy,DebitCard,0,0,4.7
753,69,Male,Couple,3,34,Produce,DebitCard,1,0,1.2
754,53,Female,Single,6,53,Produce,MobilePayment,0,1,1.3
755,32,Female,Couple,2,81,Bakery,DebitCard,0,0,4.5
756,51,Male,SmallFamily,3,22,Dairy,CreditCard,0,1,3.6
757,57,Female,Single,4,37,Meat,CreditCard,0,0,4.9
758,47,Female,Couple,3,56,Produce,CreditCard,0,1,1.4
759,28,Female,SmallFamily,2,28,Bakery,MobilePayment,0,0,1.7
760,62,Male,Couple,2,70,Meat,MobilePayment,0,0,2.2
761,24,Female,Couple,6,34,Dairy,Cash,0,1,3.0
762,61,Male,SmallFamily,2,31,Dairy,DebitCard,1,0,4.1
763,24,Female,Single,3,62,Dairy,MobilePayment,1,1,1.7
764,45,Female,LargeFamily,6,15,Grocery,DebitCard,0,0,2.1
765,50,Male,LargeFamily,4,48,Meat,MobilePayment,1,0,1.1
766,28,Female,LargeFamily,4,46,Dairy,CreditCard,0,0,4.6
767,31,Female,LargeFamily,4,32,Bakery,Cash,0,1,4.6
768,42,Female,Single,5,111,Meat,CreditCard,1,0,4.7
769,27,Female,LargeFamily,1,33,Meat,Cash,0,1,3.8
770,26,Female,Couple,2,44,Meat,CreditCard,1,1,2.5
771,58,Male,LargeFamily,3,50,Grocery,MobilePayment,0,0,2.9
772,19,Male,Single,5,43,Dairy,CreditCard,0,1,4.7
773,27,Male,Single,3,72,Produce,Cash,0,0,3.9
774,31,Male,Couple,4,36,Dairy,CreditCard,0,0,1.7
775,67,Male,Single,9,39,Meat,CreditCard,0,1,3.8
776,26,Male,SmallFamily,3,63,Bakery,Cash,0,0,3.4
777,70,Male,SmallFamily,3,50,Grocery,MobilePayment,0,0,4.7
778,40,Male,LargeFamily,3,36,Meat,DebitCard,0,0,4.0
779,34,Male,Couple,1,39,Bakery,DebitCard,1,1,4.6
780,55,Male,SmallFamily,4,32,Bakery,DebitCard,0,0,2.7
781,30,Female,LargeFamily,2,89,Meat,DebitCard,0,0,4.3
782,45,Male,Couple,5,56,Meat,CreditCard,0,1,4.2
783,45,Male,SmallFamily,3,86,Dairy,MobilePayment,0,0,1.6
784,27,Female,LargeFamily,1,66,Meat,CreditCard,1,1,3.9
785,43,Female,Couple,3,60,Grocery,MobilePayment,0,1,3.1
786,36,Male,Single,5,45,Bakery,DebitCard,0,0,2.3
787,68,Female,Single,3,32,Produce,Cash,0,0,1.6
788,54,Female,Couple,4,75,Meat,CreditCard,0,0,4.6
789,44,Male,Couple,2,74,Dairy,CreditCard,1,0,4.6
790,31,Female,Single,5,52,Bakery,MobilePayment,0,1,4.6
791,51,Female,Single,5,48,Meat,Cash,0,1,1.2
792,54,Male,Single,3,40,Bakery,CreditCard,0,0,2.7
793,39,Male,Single,2,31,Bakery,MobilePayment,0,1,3.1
794,21,Female,SmallFamily,3,53,Grocery,MobilePayment,0,1,3.0
795,59,Male,Couple,2,45,Grocery,CreditCard,1,0,1.5
796,25,Female,LargeFamily,9,30,Grocery,MobilePayment,0,0,2.1
797,68,Female,Single,2,80,Bakery,Cash,0,0,1.5
798,68,Male,LargeFamily,1,8,Dairy,CreditCard,0,1,2.6
799,55,Male,SmallFamily,2,39,Grocery,DebitCard,0,0,4.9
800,69,Male,Single,3,23,Produce,MobilePayment,1,1,3.4
801,60,Female,SmallFamily,5,57,Bakery,DebitCard,0,1,1.1
802,30,Male,LargeFamily,5,64,Produce,MobilePayment,0,0,5.0
803,40,Female,LargeFamily,4,28,Dairy,Cash,0,0,1.9
804,20,Female,LargeFamily,4,64,Meat,DebitCard,0,0,3.0
805,42,Female,SmallFamily,3,79,Produce,MobilePayment,0,0,1.4
806,53,Male,SmallFamily,5,52,Dairy,MobilePayment,0,1,4.3
807,60,Male,Couple,4,64,Meat,Cash,0,1,1.2
808,57,Female,LargeFamily,5,55,Bakery,MobilePayment,1,1,2.1
809,41,Male,Couple,4,58,Produce,MobilePayment,0,0,2.1
810,60,Male,LargeFamily,5,41,Produce,DebitCard,0,0,4.8
811,45,Male,LargeFamily,4,95,Grocery,DebitCard,0,1,2.9
812,45,Female,Single,2,48,Produce,MobilePayment,0,0,3.4
813,26,Male,LargeFamily,5,38,Meat,DebitCard,1,0,3.6
814,60,Male,LargeFamily,2,78,Produce,MobilePayment,0,0,4.0
815,51,Female,Couple,5,42,Produce,MobilePayment,0,0,3.3
816,32,Male,Couple,4,35,Dairy,DebitCard,1,0,4.9
817,18,Male,Couple,5,44,Produce,DebitCard,1,0,1.8
818,64,Female,Single,8,51,Grocery,DebitCard,0,0,4.2
819,37,Female,Couple,7,56,Dairy,DebitCard,0,0,1.9
820,20,Male,SmallFamily,4,52,Grocery,DebitCard,0,0,2.6
821,44,Male,SmallFamily,4,69,Dairy,Cash,0,1,1.0
822,20,Female,Single,4,71,Bakery,DebitCard,0,0,3.7
823,36,Female,Couple,8,46,Dairy,DebitCard,0,0,1.6
824,51,Male,LargeFamily,6,39,Bakery,DebitCard,0,1,4.9
825,28,Female,Single,5,86,Meat,CreditCard,1,1,2.5
826,70,Male,Single,2,77,Meat,DebitCard,0,0,3.6
827,31,Male,SmallFamily,4,62,Bakery,MobilePayment,0,1,3.4
828,48,Male,Single,4,45,Bakery,DebitCard,0,0,3.9
829,50,Male,Single,4,40,Produce,MobilePayment,0,0,3.2
830,32,Male,Single,5,31,Bakery,MobilePayment,1,0,2.9
831,55,Female,SmallFamily,2,52,Produce,Cash,0,0,3.3
832,42,Female,SmallFamily,6,27,Bakery,Cash,0,0,3.7
833,33,Male,Single,5,63,Grocery,DebitCard,0,0,2.0
834,68,Female,SmallFamily,2,54,Bakery,CreditCard,0,0,3.5
835,65,Male,LargeFamily,4,25,Produce,MobilePayment,1,0,3.4
836,18,Male,SmallFamily,2,55,Meat,MobilePayment,0,0,4.0
837,57,Female,Single,3,44,Bakery,DebitCard,0,0,3.7
838,33,Male,SmallFamily,2,66,Produce,Cash,0,0,2.0
839,51,Male,SmallFamily,6,53,Produce,Cash,1,1,3.3
840,31,Female,SmallFamily,11,90,Bakery,Cash,0,0,3.3
841,67,Male,Couple,5,56,Produce,DebitCard,1,1,1.2
842,35,Male,Couple,4,59,Meat,Cash,0,0,1.8
843,24,Female,LargeFamily,3,60,Meat,DebitCard,1,1,2.0
844,18,Female,LargeFamily,5,57,Bakery,MobilePayment,0,0,1.2
845,42,Female,SmallFamily,1,48,Produce,Cash,0,0,3.5
846,47,Male,LargeFamily,4,27,Bakery,MobilePayment,0,1,2.8
847,32,Female,Single,5,57,Grocery,MobilePayment,0,0,3.1
848,51,Female,Couple,5,85,Grocery,Cash,0,0,1.8
849,69,Female,Couple,5,57,Produce,Cash,0,1,1.2
850,63,Female,Single,5,64,Grocery,Cash,0,1,4.5
851,26,Female,Single,0,72,Grocery,MobilePayment,0,1,3.4
852,46,Female,Couple,3,16,Meat,Cash,0,0,2.6
853,45,Male,Single,6,43,Bakery,MobilePayment,0,1,4.6
854,26,Female,Couple,2,67,Grocery,Cash,1,1,1.5
855,43,Female,Couple,5,34,Bakery,CreditCard,0,0,3.1
856,32,Male,Couple,1,60,Meat,CreditCard,0,0,3.2
857,22,Female,Couple,4,18,Produce,MobilePayment,0,0,1.1
858,69,Male,SmallFamily,1,32,Produce,CreditCard,0,1,1.6
859,25,Male,Couple,5,66,Dairy,Cash,0,0,1.9
860,43,Female,LargeFamily,3,25,Meat,DebitCard,0,1,3.1
861,25,Male,SmallFamily,5,53,Dairy,DebitCard,0,1,2.3
862,47,Male,SmallFamily,3,45,Bakery,CreditCard,0,0,3.0
863,32,Male,Couple,3,45,Grocery,Cash,1,1,4.6
864,59,Male,Couple,3,46,Grocery,DebitCard,0,0,2.6
865,35,Female,LargeFamily,4,54,Produce,Cash,1,1,2.8
866,18,Female,Single,4,82,Meat,Cash,1,1,2.0
867,49,Male,Couple,8,57,Bakery,DebitCard,0,0,1.9
868,43,Male,LargeFamily,2,24,Meat,MobilePayment,0,0,3.6
869,20,Male,Single,3,22,Produce,MobilePayment,0,1,4.9
870,65,Female,LargeFamily,6,26,Dairy,CreditCard,0,1,2.5
871,70,Male,Single,4,32,Dairy,DebitCard,0,0,1.3
872,61,Female,LargeFamily,5,45,Bakery,Cash,0,0,3.5
873,60,Female,Single,0,63,Bakery,MobilePayment,1,0,3.6
874,59,Male,Single,7,38,Dairy,Cash,1,1,4.5
875,37,Male,SmallFamily,5,56,Bakery,Cash,0,1,3.7
876,58,Female,LargeFamily,0,56,Grocery,CreditCard,0,0,4.9
877,37,Male,SmallFamily,3,51,Dairy,DebitCard,0,0,1.6
878,38,Male,Couple,3,13,Bakery,DebitCard,1,0,3.2
879,49,Male,Couple,2,62,Dairy,CreditCard,1,0,4.7
880,63,Female,LargeFamily,6,11,Meat,Cash,0,0,2.3
881,35,Female,Single,7,55,Produce,Cash,0,0,1.9
882,66,Male,Single,7,26,Meat,Cash,0,0,3.0
883,27,Female,Couple,2,86,Meat,Cash,0,0,3.3
884,34,Male,Couple,1,72,Grocery,CreditCard,0,0,2.8
885,66,Male,Single,5,69,Dairy,DebitCard,0,1,3.2
886,55,Male,Couple,7,43,Bakery,DebitCard,0,0,2.6
887,62,Male,SmallFamily,2,65,Meat,MobilePayment,1,0,3.7
888,27,Male,SmallFamily,7,42,Bakery,CreditCard,0,0,4.9
889,31,Female,LargeFamily,6,36,Meat,MobilePayment,1,1,4.1
890,30,Female,Single,3,72,Grocery,Cash,0,1,4.2
891,43,Male,Single,5,62,Grocery,CreditCard,1,0,1.2
892,38,Male,LargeFamily,3,52,Grocery,Cash,1,0,4.6
893,58,Female,Couple,4,31,Meat,CreditCard,0,1,2.2
894,55,Male,SmallFamily,8,38,Dairy,CreditCard,0,1,1.7
895,44,Female,LargeFamily,5,49,Bakery,Cash,0,1,3.2
896,62,Male,SmallFamily,4,36,Meat,CreditCard,0,0,4.9
897,28,Male,Couple,5,35,Bakery,DebitCard,0,0,3.3
898,63,Female,LargeFamily,7,57,Produce,DebitCard,0,0,1.5
899,60,Male,Couple,5,35,Meat,CreditCard,0,0,4.7
900,24,Female,Single,2,59,Bakery,CreditCard,0,0,4.4
901,59,Female,LargeFamily,6,64,Produce,DebitCard,1,0,3.1
902,21,Female,Couple,5,42,Grocery,MobilePayment,0,0,1.2
903,46,Female,Couple,2,88,Dairy,MobilePayment,0,0,3.3
904,42,Female,SmallFamily,2,88,Produce,CreditCard,0,0,2.4
905,37,Male,Single,6,48,Bakery,MobilePayment,0,0,1.9
906,36,Female,SmallFamily,4,59,Produce,MobilePayment,1,1,1.6
907,34,Male,LargeFamily,7,57,Bakery,MobilePayment,0,0,2.5
908,41,Female,Couple,7,71,Dairy,Cash,1,0,3.9
909,38,Female,SmallFamily,4,17,Dairy,MobilePayment,0,0,4.6
910,51,Male,LargeFamily,0,47,Meat,DebitCard,1,0,1.8
911,18,Male,LargeFamily,4,47,Bakery,CreditCard,0,0,3.8
912,70,Male,SmallFamily,6,37,Bakery,MobilePayment,0,0,4.6
913,26,Male,Single,6,59,Bakery,CreditCard,0,1,1.4
914,61,Male,Single,6,62,Meat,DebitCard,0,1,3.4
915,64,Female,LargeFamily,5,70,Meat,MobilePayment,0,1,3.9
916,55,Female,Single,3,80,Meat,CreditCard,1,0,4.7
917,33,Male,SmallFamily,2,49,Grocery,DebitCard,0,0,3.3
918,66,Male,SmallFamily,5,68,Bakery,Cash,0,0,2.5
919,45,Male,Couple,4,24,Meat,Cash,1,1,1.3
920,54,Male,Single,7,84,Meat,DebitCard,0,1,2.4
921,68,Male,Couple,5,60,Meat,MobilePayment,0,0,3.4
922,31,Female,Couple,3,0,Bakery,DebitCard,1,0,2.9
923,41,Female,LargeFamily,4,10,Meat,Cash,0,0,4.3
924,26,Female,Single,8,68,Meat,CreditCard,1,0,2.1
925,51,Male,Single,2,39,Grocery,MobilePayment,1,1,1.9
926,41,Male,SmallFamily,4,55,Bakery,DebitCard,0,1,1.1
927,64,Male,Single,7,56,Meat,MobilePayment,0,0,3.5
928,32,Male,LargeFamily,5,78,Bakery,DebitCard,0,0,4.6
929,56,Female,SmallFamily,7,50,Meat,MobilePayment,1,1,1.6
930,60,Male,Single,2,60,Meat,CreditCard,0,0,3.1
931,49,Female,Couple,1,74,Dairy,DebitCard,1,0,4.8
932,45,Female,Couple,4,60,Meat,Cash,0,0,5.0
933,37,Male,SmallFamily,6,58,Meat,Cash,0,1,1.6
934,39,Female,Couple,3,10,Meat,DebitCard,1,0,3.6
935,62,Male,LargeFamily,8,63,Grocery,CreditCard,0,1,1.8
936,25,Male,Single,9,31,Grocery,MobilePayment,0,0,4.5
937,28,Male,Couple,2,58,Bakery,CreditCard,0,0,4.9
938,70,Male,LargeFamily,6,41,Produce,DebitCard,1,0,3.8
939,51,Female,Couple,3,28,Dairy,Cash,0,0,4.2
940,57,Female,SmallFamily,2,72,Meat,CreditCard,0,0,4.1
941,63,Male,SmallFamily,7,82,Dairy,Cash,0,1,3.3
942,36,Male,SmallFamily,7,51,Grocery,Cash,0,1,3.0
943,69,Male,LargeFamily,5,39,Meat,MobilePayment,1,0,3.5
944,34,Female,Couple,5,15,Dairy,Cash,0,0,1.1
945,22,Male,Couple,5,91,Bakery,DebitCard,0,0,4.3
946,60,Female,Single,8,44,Dairy,MobilePayment,0,1,2.7
947,18,Female,SmallFamily,5,21,Bakery,DebitCard,0,1,1.3
948,43,Female,SmallFamily,5,70,Grocery,Cash,0,0,1.9
949,28,Male,LargeFamily,2,77,Bakery,DebitCard,0,0,4.3
950,22,Female,Single,6,52,Produce,MobilePayment,0,0,1.9
951,35,Female,LargeFamily,3,62,Dairy,MobilePayment,0,0,1.5
952,56,Male,Single,7,43,Produce,CreditCard,0,0,3.6
953,45,Female,Couple,1,30,Meat,Cash,1,0,1.8
954,56,Male,SmallFamily,9,26,Bakery,Cash,1,1,1.2
955,42,Male,LargeFamily,8,57,Dairy,CreditCard,0,0,1.8
956,66,Male,LargeFamily,6,40,Dairy,DebitCard,0,0,4.9
957,62,Male,Couple,4,38,Grocery,MobilePayment,0,0,2.5
958,23,Male,Couple,0,24,Produce,MobilePayment,0,1,3.1
959,27,Male,Couple,4,69,Meat,DebitCard,1,0,2.5
960,41,Female,Single,5,62,Meat,CreditCard,0,0,1.4
961,37,Female,SmallFamily,3,64,Produce,MobilePayment,1,1,3.4
962,38,Female,Single,7,79,Grocery,Cash,0,1,3.9
963,24,Male,Single,4,17,Bakery,CreditCard,0,1,1.0
964,45,Male,Single,3,30,Dairy,MobilePayment,1,1,4.1
965,58,Male,Single,3,34,Meat,CreditCard,0,1,3.9
966,45,Male,Single,3,53,Grocery,MobilePayment,0,1,1.4
967,51,Female,SmallFamily,2,51,Dairy,MobilePayment,1,0,2.3
968,68,Female,LargeFamily,3,34,Meat,CreditCard,0,1,4.5
969,40,Female,Couple,3,92,Grocery,DebitCard,0,0,2.2
970,51,Male,SmallFamily,4,47,Meat,CreditCard,0,0,3.3
971,53,Female,SmallFamily,4,62,Grocery,CreditCard,0,1,4.4
972,47,Female,Couple,5,52,Grocery,CreditCard,1,1,4.8
973,63,Male,LargeFamily,4,32,Bakery,DebitCard,0,1,3.1
974,29,Female,LargeFamily,4,89,Produce,CreditCard,0,0,1.0
975,18,Male,Single,3,67,Produce,Cash,0,1,4.4
976,20,Male,SmallFamily,4,47,Dairy,Cash,1,0,4.1
977,35,Male,SmallFamily,4,34,Bakery,MobilePayment,1,0,1.5
978,23,Female,LargeFamily,5,50,Grocery,DebitCard,1,1,1.8
979,54,Male,LargeFamily,6,39,Produce,Cash,1,0,3.3
980,64,Female,SmallFamily,5,34,Produce,MobilePayment,1,1,1.4
981,66,Female,Couple,2,81,Produce,MobilePayment,0,0,2.5
982,50,Female,Couple,2,45,Grocery,DebitCard,0,0,4.7
983,33,Female,Single,4,17,Dairy,Cash,0,1,2.5
984,37,Female,LargeFamily,2,46,Bakery,Cash,0,1,2.3
985,26,Male,LargeFamily,2,73,Meat,Cash,0,0,3.9
986,47,Male,LargeFamily,3,77,Meat,MobilePayment,0,0,1.2
987,54,Female,LargeFamily,3,84,Dairy,CreditCard,0,0,4.2
988,58,Female,LargeFamily,5,36,Dairy,CreditCard,1,0,4.7
989,23,Female,Couple,4,41,Dairy,MobilePayment,0,1,1.8
990,34,Male,SmallFamily,2,60,Produce,Cash,0,0,1.0
991,36,Male,SmallFamily,0,66,Produce,DebitCard,0,1,3.8
992,68,Female,LargeFamily,6,46,Dairy,CreditCard,0,0,3.6
993,55,Male,Couple,5,50,Bakery,DebitCard,0,0,2.5
994,25,Male,LargeFamily,3,31,Meat,CreditCard,0,0,4.0
995,20,Female,LargeFamily,4,72,Grocery,DebitCard,0,0,2.6
996,20,Female,Single,5,60,Dairy,MobilePayment,1,0,2.4
997,29,Female,Single,4,81,Produce,CreditCard,1,1,3.7
998,57,Female,Single,3,63,Dairy,Cash,0,0,4.1
999,52,Male,LargeFamily,3,29,Produce,DebitCard,0,0,4.4
1000,56,Male,LargeFamily,4,37,Grocery,Cash,0,0,1.3
